160,0.001167641
160.25,0.001169112
160.5,0.001172336
160.75,0.001176015
161,0.001179314
161.25,0.00118173
161.5,0.001183137
161.75,0.00118366
162,0.001183876
162.25,0.00118444
162.5,0.001185433
162.75,0.001186757
163,0.001188418
163.25,0.001190435
163.5,0.001192783
163.75,0.001195438
164,0.001198411
164.25,0.001201682
164.5,0.00120514
164.75,0.001208722
165,0.001212477
165.25,0.001216466
165.5,0.001220751
165.75,0.001225173
166,0.001229299
166.25,0.001232984
166.5,0.001236409
166.75,0.001239555
167,0.001242216
167.25,0.001244188
167.5,0.001245288
167.75,0.001245444
168,0.001244687
168.25,0.001243303
168.5,0.001241705
168.75,0.001240283
169,0.001239381
169.25,0.001239157
169.5,0.001239575
169.75,0.001239998
170,0.001239812
170.25,0.001239076
170.5,0.001237931
170.75,0.001236324
171,0.001234104
171.25,0.001230967
171.5,0.001226701
171.75,0.001221315
172,0.001215076
172.25,0.001208619
172.5,0.001202642
172.75,0.001197872
173,0.001194846
173.25,0.001193842
173.5,0.001194094
173.75,0.001193963
174,0.001192507
174.25,0.001189406
174.5,0.00118513
174.75,0.00118055
175,0.001175866
175.25,0.001170952
175.5,0.001165805
175.75,0.001160529
176,0.001155538
176.25,0.001151339
176.5,0.0011484
176.75,0.001147137
177,0.001147831
177.25,0.001150396
177.5,0.001153799
177.75,0.001157574
178,0.001162964
178.25,0.001170433
178.5,0.001178508
178.75,0.001185961
179,0.0011923
179.25,0.001197281
179.5,0.001200908
179.75,0.001203464
180,0.001205519
180.25,0.001207788
180.5,0.001211115
180.75,0.001216439
181,0.001224527
181.25,0.001233535
181.5,0.00124025
181.75,0.001243337
182,0.001242579
182.25,0.001238828
182.5,0.00123319
182.75,0.001225747
183,0.001216294
183.25,0.001204864
183.5,0.001191621
183.75,0.001176958
184,0.001161266
184.25,0.001144784
184.5,0.001127454
184.75,0.00110859
185,0.001088312
185.25,0.001068416
185.5,0.00105021
185.75,0.001033948
186,0.001019415
186.25,0.001005916
186.5,0.000993005
186.75,0.000980539
187,0.000968449
187.25,0.000956724
187.5,0.000945457
187.75,0.000934821
188,0.000925026
188.25,0.000916326
188.5,0.000909218
188.75,0.000904103
189,0.000899959
189.25,0.000895203
189.5,0.000888367
189.75,0.000878602
190,0.000867576
190.25,0.000857346
190.5,0.000848937
190.75,0.000842929
191,0.000839288
191.25,0.000837601
191.5,0.000836834
191.75,0.000835822
192,0.000833323
192.25,0.000828132
192.5,0.000819175
192.75,0.000807396
193,0.000796288
193.25,0.000788497
193.5,0.000785456
193.75,0.000786155
194,0.000787586
194.25,0.000788219
194.5,0.000787687
194.75,0.00078585
195,0.000782734
195.25,0.00077875
195.5,0.000774489
195.75,0.000770477
196,0.000767168
196.25,0.000764762
196.5,0.000763252
196.75,0.000762073
197,0.000760721
197.25,0.000759409
197.5,0.000758353
197.75,0.000757342
198,0.000756142
198.25,0.000754634
198.5,0.000752767
198.75,0.000750573
199,0.000748142
199.25,0.000745629
199.5,0.000743203
199.75,0.00074104
200,0.000739303
200.25,0.00073812
200.5,0.000737254
200.75,0.000736152
201,0.000734373
201.25,0.000731621
201.5,0.000728216
201.75,0.000724784
202,0.000721443
202.25,0.000718079
202.5,0.000714721
202.75,0.000711458
203,0.000708385
203.25,0.000705599
203.5,0.000703197
203.75,0.000701286
204,0.00069999
204.25,0.000699274
204.5,0.000698633
204.75,0.000697841
205,0.000697489
205.25,0.000697771
205.5,0.000697927
205.75,0.000697402
206,0.000696112
206.25,0.000694047
206.5,0.000691245
206.75,0.000687787
207,0.000683804
207.25,0.00067937
207.5,0.000674505
207.75,0.000669117
208,0.000663086
208.25,0.000656819
208.5,0.000650981
208.75,0.000645718
209,0.000640916
209.25,0.000636463
209.5,0.000632312
209.75,0.00062877
210,0.000626146
210.25,0.000624255
210.5,0.000622755
210.75,0.000621205
211,0.000619105
211.25,0.000615848
211.5,0.000610965
211.75,0.000604354
212,0.000596596
212.25,0.000589463
212.5,0.000585261
212.75,0.000586831
213,0.000593636
213.25,0.00060086
213.5,0.000605486
213.75,0.000606731
214,0.000604725
214.25,0.000600318
214.5,0.000594591
214.75,0.000588742
215,0.000583656
215.25,0.000579968
215.5,0.000577825
215.75,0.000577071
216,0.000577109
216.25,0.000577394
216.5,0.000578568
216.75,0.000581282
217,0.000584577
217.25,0.000587314
217.5,0.000589222
217.75,0.000590285
218,0.000590678
218.25,0.00059061
218.5,0.000590299
218.75,0.000589879
219,0.000589331
219.25,0.000588667
219.5,0.000587977
219.75,0.000587529
220,0.000587819
220.25,0.000589622
220.5,0.000593905
220.75,0.000600119
221,0.000606436
221.25,0.000611783
221.5,0.000615728
221.75,0.000618538
222,0.000620876
222.25,0.000623311
222.5,0.000626337
222.75,0.000630261
223,0.000635278
223.25,0.000641383
223.5,0.000648473
223.75,0.000656301
224,0.000664769
224.25,0.000674421
224.5,0.000685544
224.75,0.000697323
225,0.000708814
225.25,0.000719199
225.5,0.000728275
225.75,0.000736935
226,0.000746019
226.25,0.000756105
226.5,0.000767572
226.75,0.000780575
227,0.000795163
227.25,0.000811287
227.5,0.000828923
227.75,0.000848086
228,0.000868882
228.25,0.000891462
228.5,0.000915731
228.75,0.000941389
229,0.000967665
229.25,0.000993773
229.5,0.001020293
229.75,0.001048276
230,0.001078324
230.25,0.001110846
230.5,0.00114602
230.75,0.001183912
231,0.001224386
231.25,0.001267256
231.5,0.001312305
231.75,0.001359262
232,0.00140775
232.25,0.001457835
232.5,0.001510423
232.75,0.001566161
233,0.001625158
233.25,0.001687257
233.5,0.001752038
233.75,0.001819671
234,0.001890941
234.25,0.001966438
234.5,0.002046456
234.75,0.00212981
235,0.002214391
235.25,0.002299335
235.5,0.002385047
235.75,0.002476112
236,0.00257659
236.25,0.002673933
236.5,0.002751928
236.75,0.002809921
237,0.002851248
237.25,0.002874757
237.5,0.002877622
237.75,0.002855353
238,0.002804124
238.25,0.002722908
238.5,0.002614589
238.75,0.002489699
239,0.002357663
239.25,0.002223919
239.5,0.002090257
239.75,0.001953697
240,0.001816405
240.25,0.001687357
240.5,0.001571315
240.75,0.001468149
241,0.001376893
241.25,0.001296119
241.5,0.001225188
241.75,0.001164039
242,0.001112597
242.25,0.001070547
242.5,0.001035769
242.75,0.001005476
243,0.000978214
243.25,0.000953219
243.5,0.000930567
243.75,0.000910423
244,0.000892208
244.25,0.000875525
244.5,0.000861243
244.75,0.000849864
245,0.00084016
245.25,0.000830954
245.5,0.000821849
245.75,0.00081267
246,0.000803454
246.25,0.000794212
246.5,0.000784872
246.75,0.000775242
247,0.000765002
247.25,0.000754063
247.5,0.000742609
247.75,0.000731111
248,0.000720245
248.25,0.000710222
248.5,0.000700915
248.75,0.000692194
249,0.000683987
249.25,0.000676659
249.5,0.00067068
249.75,0.000665853
250,0.000661689
250.25,0.000657548
250.5,0.000652755
250.75,0.000646688
251,0.000638981
251.25,0.000630081
251.5,0.000620616
251.75,0.000611234
252,0.000602296
252.25,0.000593513
252.5,0.000584781
252.75,0.000576503
253,0.000569424
253.25,0.0005647
253.5,0.000562586
253.75,0.00056216
254,0.000562331
254.25,0.000561919
254.5,0.000560049
254.75,0.000556176
255,0.000550634
255.25,0.000544362
255.5,0.000538214
255.75,0.000532916
256,0.000528648
256.25,0.000525283
256.5,0.00052239
256.75,0.000519465
257,0.000516251
257.25,0.000512618
257.5,0.000508624
257.75,0.000504401
258,0.000500156
258.25,0.000496005
258.5,0.000491761
258.75,0.000487336
259,0.000482962
259.25,0.000479004
259.5,0.000475979
259.75,0.000474163
260,0.000473436
260.25,0.000473257
260.5,0.00047261
260.75,0.000470726
261,0.000467151
261.25,0.000461947
261.5,0.00045562
261.75,0.000448912
262,0.000442649
262.25,0.000436948
262.5,0.000431543
262.75,0.000426424
263,0.00042174
263.25,0.000417857
263.5,0.000415124
263.75,0.000413377
264,0.000412222
264.25,0.000410982
264.5,0.000408997
264.75,0.000405919
265,0.000401654
265.25,0.000396629
265.5,0.000391448
265.75,0.000386909
266,0.0003836
266.25,0.000381665
266.5,0.000380801
266.75,0.000380112
267,0.000379027
267.25,0.000377441
267.5,0.000375398
267.75,0.000373066
268,0.000370705
268.25,0.000368629
268.5,0.000367028
268.75,0.000365969
269,0.000365179
269.25,0.000364199
269.5,0.000362606
269.75,0.000359979
270,0.00035579
270.25,0.000349782
270.5,0.000343285
270.75,0.000337774
271,0.000333262
271.25,0.00032944
271.5,0.0003262
271.75,0.000323521
272,0.000321522
272.25,0.000320294
272.5,0.000319815
272.75,0.000319925
273,0.00032024
273.25,0.000320408
273.5,0.000320162
273.75,0.000319345
274,0.000317934
274.25,0.000316086
274.5,0.000314123
274.75,0.000312214
275,0.000310388
275.25,0.000308604
275.5,0.000306757
275.75,0.000304561
276,0.000301678
276.25,0.000298171
276.5,0.000294316
276.75,0.000290553
277,0.000287345
277.25,0.00028499
277.5,0.000283697
277.75,0.000283523
278,0.000284334
278.25,0.000285473
278.5,0.000286595
278.75,0.000288469
279,0.000291436
279.25,0.0002945
279.5,0.000296737
279.75,0.000297675
280,0.000297275
280.25,0.000296078
280.5,0.000294695
280.75,0.000293765
281,0.00029373
281.25,0.000294819
281.5,0.000297028
281.75,0.000300136
282,0.000303567
282.25,0.000306582
282.5,0.000309243
282.75,0.000311994
283,0.000314616
283.25,0.000316569
283.5,0.000317287
283.75,0.000316391
284,0.000314482
284.25,0.000312359
284.5,0.000310395
284.75,0.000308816
285,0.00030773
285.25,0.000307221
285.5,0.000307357
285.75,0.000308171
286,0.000309613
286.25,0.000312125
286.5,0.000317008
286.75,0.000323963
287,0.000330224
287.25,0.000333858
287.5,0.000334244
287.75,0.000332012
288,0.00032893
288.25,0.000325886
288.5,0.000322995
288.75,0.000320362
289,0.000318096
289.25,0.000316233
289.5,0.000314765
289.75,0.000313664
290,0.000312888
290.25,0.000312364
290.5,0.000312068
290.75,0.00031231
291,0.000313521
291.25,0.000316201
291.5,0.000320572
291.75,0.000325889
292,0.000331513
292.25,0.000337603
292.5,0.000344296
292.75,0.000351405
293,0.00035869
293.25,0.000365881
293.5,0.000372563
293.75,0.000378118
294,0.000382361
294.25,0.000385688
294.5,0.000389365
294.75,0.000395437
295,0.000404939
295.25,0.000417978
295.5,0.000433915
295.75,0.000451685
296,0.000470878
296.25,0.000491468
296.5,0.000513452
296.75,0.000536825
297,0.000561495
297.25,0.00058732
297.5,0.000614079
297.75,0.000641669
298,0.000670563
298.25,0.000701389
298.5,0.000734794
298.75,0.000771345
299,0.000811382
299.25,0.000854707
299.5,0.000900064
299.75,0.00094762
300,0.001000264
300.25,0.00105848
300.5,0.001118847
300.75,0.001178192
301,0.001234057
301.25,0.00128501
301.5,0.001330695
301.75,0.001372321
302,0.001412277
302.25,0.001451722
302.5,0.00149092
302.75,0.001529945
303,0.001568873
303.25,0.001608583
303.5,0.001651087
303.75,0.001703063
304,0.00177004
304.25,0.001842967
304.5,0.001908699
304.75,0.001955788
305,0.001976099
305.25,0.001970806
305.5,0.001943829
305.75,0.001901332
306,0.00184479
306.25,0.001764853
306.5,0.001658079
306.75,0.001534
307,0.001403202
307.25,0.001275716
307.5,0.00115638
307.75,0.001043872
308,0.000938048
308.25,0.000840312
308.5,0.000752115
308.75,0.000674874
309,0.000609812
309.25,0.000557584
309.5,0.000514573
309.75,0.000475618
310,0.000442179
310.25,0.000417821
310.5,0.000400071
310.75,0.000384708
311,0.000370324
311.25,0.000356483
311.5,0.000343147
311.75,0.00033028
312,0.000317544
312.25,0.000304526
312.5,0.000290776
312.75,0.000276048
313,0.000260542
313.25,0.000245036
313.5,0.000231224
313.75,0.000220883
314,0.000215711
314.25,0.000214955
314.5,0.000215028
314.75,0.000214161
315,0.000212568
315.25,0.000210443
315.5,0.000207896
315.75,0.000205152
316,0.000202501
316.25,0.000200098
316.5,0.000198004
316.75,0.000196137
317,0.000194348
317.25,0.000192514
317.5,0.000190465
317.75,0.000187755
318,0.000184115
318.25,0.000180325
318.5,0.000177252
318.75,0.000175197
319,0.000174166
319.25,0.000173689
319.5,0.000173293
319.75,0.00017266
320,0.000171601
320.25,0.000170114
320.5,0.00016831
320.75,0.000166433
321,0.000164729
321.25,0.000163424
321.5,0.000162668
321.75,0.000162519
322,0.00016277
322.25,0.000163037
322.5,0.000163338
322.75,0.000163934
323,0.000164722
323.25,0.000165414
323.5,0.000165882
323.75,0.000166085
324,0.000166049
324.25,0.000165828
324.5,0.000165515
324.75,0.000165207
325,0.000164988
325.25,0.000164911
325.5,0.000164941
325.75,0.000164992
326,0.000164894
326.25,0.0001644
326.5,0.000163133
326.75,0.000161106
327,0.000159035
327.25,0.000157434
327.5,0.000156424
327.75,0.000155953
328,0.000155804
328.25,0.000155827
328.5,0.000155952
328.75,0.000156164
329,0.000156479
329.25,0.000156826
329.5,0.000157056
329.75,0.000156915
330,0.000156095
330.25,0.000154335
330.5,0.000151536
330.75,0.000148435
331,0.000145936
331.25,0.000144227
331.5,0.000143257
331.75,0.00014289
332,0.000143045
332.25,0.000143891
332.5,0.00014559
332.75,0.000148179
333,0.000151447
333.25,0.000154704
333.5,0.000157213
333.75,0.000158269
334,0.00015759
334.25,0.000155503
334.5,0.000152652
334.75,0.000149979
335,0.000147918
335.25,0.000146385
335.5,0.000145231
335.75,0.00014429
336,0.000143641
336.25,0.000143503
336.5,0.000143846
336.75,0.000144478
337,0.000145045
337.25,0.000145087
337.5,0.000143956
337.75,0.000141164
338,0.000137341
338.25,0.000133375
338.5,0.000129828
338.75,0.000127057
339,0.000125034
339.25,0.000123623
339.5,0.000122624
339.75,0.000121836
340,0.000121087
340.25,0.000120313
340.5,0.000119634
340.75,0.000119223
341,0.00011931
341.25,0.000120465
341.5,0.000123588
341.75,0.000128219
342,0.000132593
342.25,0.000135717
342.5,0.0001373
342.75,0.000137496
343,0.000136737
343.25,0.000135429
343.5,0.000133927
343.75,0.000132354
344,0.000130735
344.25,0.000129163
344.5,0.000127768
344.75,0.000126733
345,0.000126199
345.25,0.000126083
345.5,0.000126299
345.75,0.000126927
346,0.000128355
346.25,0.000131681
346.5,0.000137236
346.75,0.000143527
347,0.000149242
347.25,0.000153781
347.5,0.000156855
347.75,0.000158526
348,0.000159059
348.25,0.000158919
348.5,0.000158506
348.75,0.000158131
349,0.000157888
349.25,0.0001577
349.5,0.000157521
349.75,0.000157311
350,0.000156868
350.25,0.000155969
350.5,0.000154897
350.75,0.000154077
351,0.000153428
351.25,0.000152746
351.5,0.000152142
351.75,0.000151813
352,0.000151939
352.25,0.000152681
352.5,0.00015415
352.75,0.000156381
353,0.000159242
353.25,0.000162523
353.5,0.000165921
353.75,0.00016908
354,0.000171595
354.25,0.000173715
354.5,0.000176584
354.75,0.000180477
355,0.000184607
355.25,0.000189033
355.5,0.00019467
355.75,0.000202026
356,0.000211239
356.25,0.000222338
356.5,0.000235308
356.75,0.000250358
357,0.000267717
357.25,0.000286845
357.5,0.000306957
357.75,0.000327916
358,0.000350225
358.25,0.000376312
358.5,0.0004087
358.75,0.000448052
359,0.000494219
359.25,0.000545906
359.5,0.000601774
359.75,0.000660942
360,0.000722839
360.25,0.000787412
360.5,0.000855473
360.75,0.00092918
361,0.001009318
361.25,0.001094591
361.5,0.001184927
361.75,0.001281858
362,0.001386616
362.25,0.001500016
362.5,0.00162229
362.75,0.001753233
363,0.00189289
363.25,0.0020418
363.5,0.00220353
363.75,0.002382449
364,0.002576402
364.25,0.002779045
364.5,0.00297672
364.75,0.003154522
365,0.003304502
365.25,0.003425364
365.5,0.003533463
365.75,0.003646209
366,0.003771047
366.25,0.003909542
366.5,0.004053324
366.75,0.004198444
367,0.004353266
367.25,0.004526856
367.5,0.004726463
367.75,0.004938709
368,0.005121304
368.25,0.005231304
368.5,0.005227255
368.75,0.005061083
369,0.00468577
369.25,0.004174805
369.5,0.003686683
369.75,0.003238093
370,0.002758897
370.25,0.002262669
370.5,0.001805514
370.75,0.001413048
371,0.001094902
371.25,0.000848245
371.5,0.000664344
371.75,0.000527959
372,0.000423745
372.25,0.000343363
372.5,0.000281944
372.75,0.000240166
373,0.000216144
373.25,0.000198835
373.5,0.00018095
373.75,0.000165871
374,0.00015553
374.25,0.000147191
374.5,0.000139172
374.75,0.00013189
375,0.00012557
375.25,0.000120048
375.5,0.000115433
375.75,0.000112106
376,0.000110275
376.25,0.000109964
376.5,0.000110734
376.75,0.000111819
377,0.000112194
377.25,0.000110764
377.5,0.000106926
377.75,0.000100605
378,9.36E-05
378.25,8.80E-05
378.5,8.48E-05
378.75,8.43E-05
379,8.53E-05
379.25,8.62E-05
379.5,8.64E-05
379.75,8.54E-05
380,8.34E-05
380.25,8.07E-05
380.5,7.79E-05
380.75,7.53E-05
381,7.31E-05
381.25,7.14E-05
381.5,7.00E-05
381.75,6.90E-05
382,6.82E-05
382.25,6.77E-05
382.5,6.75E-05
382.75,6.76E-05
383,6.80E-05
383.25,6.88E-05
383.5,7.04E-05
383.75,7.27E-05
384,7.54E-05
384.25,7.77E-05
384.5,7.90E-05
384.75,7.89E-05
385,7.72E-05
385.25,7.46E-05
385.5,7.20E-05
385.75,6.94E-05
386,6.67E-05
386.25,6.40E-05
386.5,6.15E-05
386.75,5.92E-05
387,5.76E-05
387.25,5.65E-05
387.5,5.60E-05
387.75,5.59E-05
388,5.58E-05
388.25,5.54E-05
388.5,5.47E-05
388.75,5.31E-05
389,5.12E-05
389.25,4.96E-05
389.5,4.91E-05
389.75,5.00E-05
390,5.19E-05
390.25,5.41E-05
390.5,5.57E-05
390.75,5.64E-05
391,5.63E-05
391.25,5.55E-05
391.5,5.47E-05
391.75,5.44E-05
392,5.51E-05
392.25,5.71E-05
392.5,6.04E-05
392.75,6.44E-05
393,6.82E-05
393.25,7.07E-05
393.5,7.11E-05
393.75,6.92E-05
394,6.70E-05
394.25,6.55E-05
394.5,6.49E-05
394.75,6.48E-05
395,6.51E-05
395.25,6.55E-05
395.5,6.58E-05
395.75,6.59E-05
396,6.58E-05
396.25,6.55E-05
396.5,6.50E-05
396.75,6.46E-05
397,6.44E-05
397.25,6.46E-05
397.5,6.52E-05
397.75,6.57E-05
398,6.54E-05
398.25,6.34E-05
398.5,5.90E-05
398.75,5.35E-05
399,4.87E-05
399.25,4.55E-05
399.5,4.44E-05
399.75,4.51E-05
400,4.70E-05
400.25,4.94E-05
400.5,5.17E-05
400.75,5.37E-05
401,5.55E-05
401.25,5.70E-05
401.5,5.83E-05
401.75,5.93E-05
402,6.01E-05
402.25,6.07E-05
402.5,6.10E-05
402.75,6.10E-05
403,6.05E-05
403.25,5.93E-05
403.5,5.75E-05
403.75,5.53E-05
404,5.33E-05
404.25,5.19E-05
404.5,5.16E-05
404.75,5.23E-05
405,5.34E-05
405.25,5.44E-05
405.5,5.52E-05
405.75,5.58E-05
406,5.62E-05
406.25,5.64E-05
406.5,5.64E-05
406.75,5.59E-05
407,5.50E-05
407.25,5.38E-05
407.5,5.26E-05
407.75,5.16E-05
408,5.12E-05
408.25,5.15E-05
408.5,5.28E-05
408.75,5.46E-05
409,5.62E-05
409.25,5.63E-05
409.5,5.37E-05
409.75,4.93E-05
410,4.53E-05
410.25,4.29E-05
410.5,4.25E-05
410.75,4.39E-05
411,4.64E-05
411.25,4.93E-05
411.5,5.21E-05
411.75,5.44E-05
412,5.62E-05
412.25,5.73E-05
412.5,5.80E-05
412.75,5.84E-05
413,5.84E-05
413.25,5.77E-05
413.5,5.61E-05
413.75,5.45E-05
414,5.36E-05
414.25,5.37E-05
414.5,5.46E-05
414.75,5.59E-05
415,5.73E-05
415.25,5.88E-05
415.5,6.04E-05
415.75,6.20E-05
416,6.36E-05
416.25,6.51E-05
416.5,6.65E-05
416.75,6.79E-05
417,6.93E-05
417.25,7.05E-05
417.5,7.16E-05
417.75,7.22E-05
418,7.25E-05
418.25,7.24E-05
418.5,7.19E-05
418.75,7.14E-05
419,7.06E-05
419.25,6.94E-05
419.5,6.80E-05
419.75,6.65E-05
420,6.54E-05
420.25,6.48E-05
420.5,6.49E-05
420.75,6.54E-05
421,6.63E-05
421.25,6.75E-05
421.5,6.94E-05
421.75,7.21E-05
422,7.52E-05
422.25,7.83E-05
422.5,8.08E-05
422.75,8.25E-05
423,8.33E-05
423.25,8.32E-05
423.5,8.25E-05
423.75,8.12E-05
424,7.95E-05
424.25,7.70E-05
424.5,7.33E-05
424.75,6.94E-05
425,6.68E-05
425.25,6.72E-05
425.5,7.16E-05
425.75,7.79E-05
426,8.32E-05
426.25,8.62E-05
426.5,8.63E-05
426.75,8.42E-05
427,8.06E-05
427.25,7.67E-05
427.5,7.34E-05
427.75,7.12E-05
428,7.02E-05
428.25,7.03E-05
428.5,7.11E-05
428.75,7.23E-05
429,7.40E-05
429.25,7.66E-05
429.5,8.01E-05
429.75,8.34E-05
430,8.56E-05
430.25,8.59E-05
430.5,8.50E-05
430.75,8.42E-05
431,8.42E-05
431.25,8.55E-05
431.5,8.83E-05
431.75,9.22E-05
432,9.69E-05
432.25,0.000101864
432.5,0.000106274
432.75,0.000109533
433,0.000111883
433.25,0.000114019
433.5,0.0001174
433.75,0.000123193
434,0.000131513
434.25,0.000142098
434.5,0.000154238
434.75,0.000167177
435,0.000180172
435.25,0.000193076
435.5,0.000206549
435.75,0.000221373
436,0.000238379
436.25,0.000257861
436.5,0.000279627
436.75,0.000303691
437,0.000330178
437.25,0.000358553
437.5,0.000387984
437.75,0.000418758
438,0.000451748
438.25,0.000487811
438.5,0.000527735
438.75,0.000571941
439,0.000620598
439.25,0.000673321
439.5,0.000729583
439.75,0.000788917
440,0.000850903
440.25,0.000915202
440.5,0.00098211
440.75,0.001053403
441,0.001130347
441.25,0.00121276
441.5,0.001300208
441.75,0.001392125
442,0.001488352
442.25,0.00158928
442.5,0.001694873
442.75,0.001804588
443,0.001918102
443.25,0.00203532
443.5,0.002156116
443.75,0.00228033
444,0.002407723
444.25,0.002537885
444.5,0.0026693
444.75,0.002800697
445,0.002936542
445.25,0.003081238
445.5,0.003225019
445.75,0.003355585
446,0.0034715
446.25,0.003574292
446.5,0.003665151
446.75,0.003745306
447,0.003816335
447.25,0.003879248
447.5,0.003933515
447.75,0.003977498
448,0.004007852
448.25,0.004023321
448.5,0.004026319
448.75,0.004017316
449,0.003993619
449.25,0.003949441
449.5,0.003875977
449.75,0.003767809
450,0.003623457
450.25,0.003451417
450.5,0.003266541
450.75,0.00307075
451,0.002858646
451.25,0.002633806
451.5,0.002404829
451.75,0.002182114
452,0.001975052
452.25,0.001783172
452.5,0.001603474
452.75,0.001437061
453,0.001286624
453.25,0.001156417
453.5,0.00104877
453.75,0.000959331
454,0.000883226
454.25,0.000817262
454.5,0.000759484
454.75,0.000709888
455,0.000668064
455.25,0.000632584
455.5,0.000602272
455.75,0.000576435
456,0.000554934
456.25,0.000538143
456.5,0.000525217
456.75,0.000514279
457,0.000505206
457.25,0.000499102
457.5,0.000495516
457.75,0.0004932
458,0.000492681
458.25,0.000495152
458.5,0.000500007
458.75,0.000505926
459,0.000511857
459.25,0.000516961
459.5,0.000520928
459.75,0.000523767
460,0.000526116
460.25,0.000528818
460.5,0.000532894
460.75,0.000539192
461,0.000548045
461.25,0.000558938
461.5,0.00056984
461.75,0.000579276
462,0.000586957
462.25,0.000593237
462.5,0.000599183
462.75,0.000605773
463,0.000613801
463.25,0.00062333
463.5,0.000633748
463.75,0.00064437
464,0.000654482
464.25,0.000663503
464.5,0.000671036
464.75,0.000677587
465,0.000684015
465.25,0.00069042
465.5,0.000696621
465.75,0.00070269
466,0.000708942
466.25,0.000716399
466.5,0.000726113
466.75,0.00073854
467,0.000753762
467.25,0.000771153
467.5,0.000789987
467.75,0.000809597
468,0.000829393
468.25,0.000848924
468.5,0.000868651
468.75,0.000890432
469,0.000914842
469.25,0.000940625
469.5,0.000967776
469.75,0.000997738
470,0.001030624
470.25,0.001065355
470.5,0.001102018
470.75,0.001141623
471,0.001185313
471.25,0.001234206
471.5,0.001288606
471.75,0.001348502
472,0.001414598
472.25,0.001488046
472.5,0.001570818
472.75,0.00166455
473,0.001768153
473.25,0.00188067
473.5,0.002004367
473.75,0.002142166
474,0.002296794
474.25,0.002469121
474.5,0.002655732
474.75,0.002854099
475,0.003064608
475.25,0.003287759
475.5,0.003523683
475.75,0.003771701
476,0.004030035
476.25,0.00429533
476.5,0.004562858
476.75,0.004833374
477,0.005112777
477.25,0.005408163
477.5,0.005726867
477.75,0.006070343
478,0.006436771
478.25,0.006827698
478.5,0.007245913
478.75,0.007690724
479,0.008160465
479.25,0.008656126
479.5,0.009179652
479.75,0.009733187
480,0.010322701
480.25,0.010967682
480.5,0.011669278
480.75,0.01236674
481,0.013032358
481.25,0.013742292
481.5,0.014524783
481.75,0.015286853
482,0.015947778
482.25,0.016468765
482.5,0.016830436
482.75,0.017033856
483,0.017076503
483.25,0.016950212
483.5,0.016642239
483.75,0.016136866
484,0.015431851
484.25,0.014542216
484.5,0.013560783
484.75,0.012616114
485,0.011729139
485.25,0.010869351
485.5,0.010033505
485.75,0.009227123
486,0.008440204
486.25,0.007662469
486.5,0.00690574
486.75,0.006184859
487,0.005503794
487.25,0.004864198
487.5,0.004267988
487.75,0.00371671
488,0.003210963
488.25,0.002754637
488.5,0.002358156
488.75,0.002026495
489,0.001754608
489.25,0.001530605
489.5,0.00133528
489.75,0.001162907
490,0.001022357
490.25,0.000910929
490.5,0.000815441
490.75,0.000731352
491,0.000660642
491.25,0.000603088
491.5,0.000556782
491.75,0.000517876
492,0.000482228
492.25,0.000450348
492.5,0.000424036
492.75,0.000401472
493,0.000380085
493.25,0.00035944
493.5,0.000339652
493.75,0.000320713
494,0.000302604
494.25,0.00028536
494.5,0.000269005
494.75,0.000253502
495,0.00023884
495.25,0.000225078
495.5,0.000212254
495.75,0.000200361
496,0.000189413
496.25,0.00017945
496.5,0.000170358
496.75,0.000161897
497,0.00015453
497.25,0.000149256
497.5,0.000145533
497.75,0.000141733
498,0.000137046
498.25,0.000131257
498.5,0.000124776
498.75,0.000118304
499,0.000112358
499.25,0.000107332
499.5,0.000103362
499.75,0.000100427
500,9.82E-05
500.25,9.64E-05
500.5,9.51E-05
500.75,9.45E-05
501,9.45E-05
501.25,9.48E-05
501.5,9.42E-05
501.75,9.15E-05
502,8.60E-05
502.25,7.82E-05
502.5,7.01E-05
502.75,6.38E-05
503,6.03E-05
503.25,5.99E-05
503.5,6.16E-05
503.75,6.42E-05
504,6.60E-05
504.25,6.64E-05
504.5,6.53E-05
504.75,6.33E-05
505,6.13E-05
505.25,5.98E-05
505.5,5.88E-05
505.75,5.83E-05
506,5.81E-05
506.25,5.82E-05
506.5,5.87E-05
506.75,5.96E-05
507,6.07E-05
507.25,6.19E-05
507.5,6.28E-05
507.75,6.34E-05
508,6.35E-05
508.25,6.31E-05
508.5,6.22E-05
508.75,6.10E-05
509,5.95E-05
509.25,5.69E-05
509.5,5.33E-05
509.75,5.00E-05
510,4.72E-05
510.25,4.40E-05
510.5,4.04E-05
510.75,3.72E-05
511,3.53E-05
511.25,3.53E-05
511.5,3.77E-05
511.75,4.22E-05
512,4.79E-05
512.25,5.35E-05
512.5,5.76E-05
512.75,5.90E-05
513,5.78E-05
513.25,5.47E-05
513.5,5.15E-05
513.75,4.97E-05
514,4.98E-05
514.25,5.14E-05
514.5,5.34E-05
514.75,5.50E-05
515,5.62E-05
515.25,5.68E-05
515.5,5.69E-05
515.75,5.61E-05
516,5.43E-05
516.25,5.09E-05
516.5,4.51E-05
516.75,3.74E-05
517,3.00E-05
517.25,2.43E-05
517.5,2.09E-05
517.75,1.95E-05
518,1.93E-05
518.25,1.99E-05
518.5,2.10E-05
518.75,2.25E-05
519,2.44E-05
519.25,2.63E-05
519.5,2.78E-05
519.75,2.87E-05
520,2.87E-05
520.25,2.78E-05
520.5,2.63E-05
520.75,2.47E-05
521,2.37E-05
521.25,2.33E-05
521.5,2.33E-05
521.75,2.35E-05
522,2.39E-05
522.25,2.52E-05
522.5,2.75E-05
522.75,3.01E-05
523,3.19E-05
523.25,3.26E-05
523.5,3.17E-05
523.75,2.94E-05
524,2.62E-05
524.25,2.28E-05
524.5,1.99E-05
524.75,1.80E-05
525,1.71E-05
525.25,1.68E-05
525.5,1.68E-05
525.75,1.69E-05
526,1.69E-05
526.25,1.69E-05
526.5,1.70E-05
526.75,1.70E-05
527,1.68E-05
527.25,1.67E-05
527.5,1.65E-05
527.75,1.61E-05
528,1.55E-05
528.25,1.43E-05
528.5,1.24E-05
528.75,9.96E-06
529,7.59E-06
529.25,5.52E-06
529.5,3.12E-06
529.75,9.45E-07
530,1.06E-06
530.25,2.95E-06
530.5,3.43E-06
530.75,2.23E-06
531,1.65E-06
531.25,2.68E-06
531.5,5.25E-06
531.75,8.70E-06
532,1.21E-05
532.25,1.53E-05
532.5,1.82E-05
532.75,2.05E-05
533,2.15E-05
533.25,2.04E-05
533.5,1.69E-05
533.75,1.25E-05
534,9.14E-06
534.25,6.39E-06
534.5,3.84E-06
534.75,1.71E-06
535,4.40E-07
535.25,5.03E-07
535.5,2.15E-06
535.75,5.15E-06
536,9.00E-06
536.25,1.29E-05
536.5,1.61E-05
536.75,1.84E-05
537,1.97E-05
537.25,2.05E-05
537.5,2.09E-05
537.75,2.12E-05
538,2.13E-05
538.25,2.12E-05
538.5,2.12E-05
538.75,2.13E-05
539,2.20E-05
539.25,2.33E-05
539.5,2.50E-05
539.75,2.64E-05
540,2.71E-05
540.25,2.65E-05
540.5,2.38E-05
540.75,1.88E-05
541,1.37E-05
541.25,1.04E-05
541.5,1.01E-05
541.75,1.30E-05
542,1.68E-05
542.25,1.98E-05
542.5,2.15E-05
542.75,2.18E-05
543,2.10E-05
543.25,1.96E-05
543.5,1.81E-05
543.75,1.67E-05
544,1.55E-05
544.25,1.45E-05
544.5,1.38E-05
544.75,1.32E-05
545,1.29E-05
545.25,1.30E-05
545.5,1.35E-05
545.75,1.40E-05
546,1.40E-05
546.25,1.30E-05
546.5,1.08E-05
546.75,7.91E-06
547,5.34E-06
547.25,3.96E-06
547.5,4.37E-06
547.75,6.15E-06
548,8.56E-06
548.25,1.07E-05
548.5,1.18E-05
548.75,1.12E-05
549,8.93E-06
549.25,6.22E-06
549.5,3.96E-06
549.75,2.55E-06
550,2.06E-06
550.25,2.24E-06
550.5,2.72E-06
550.75,3.11E-06
551,3.22E-06
551.25,3.03E-06
551.5,2.80E-06
551.75,2.95E-06
552,4.01E-06
552.25,6.50E-06
552.5,1.04E-05
552.75,1.55E-05
553,2.07E-05
553.25,2.43E-05
553.5,2.21E-05
553.75,1.16E-05
554,3.10E-06
554.25,4.80E-06
554.5,7.16E-06
554.75,2.71E-06
555,3.00E-07
555.25,5.81E-06
555.5,1.22E-05
555.75,1.43E-05
556,1.32E-05
556.25,1.07E-05
556.5,7.61E-06
556.75,5.10E-06
557,4.29E-06
557.25,5.43E-06
557.5,7.81E-06
557.75,1.06E-05
558,1.30E-05
558.25,1.49E-05
558.5,1.63E-05
558.75,1.74E-05
559,1.79E-05
559.25,1.75E-05
559.5,1.61E-05
559.75,1.38E-05
560,1.13E-05
560.25,9.09E-06
560.5,7.99E-06
560.75,8.57E-06
561,1.09E-05
561.25,1.38E-05
561.5,1.60E-05
561.75,1.71E-05
562,1.72E-05
562.25,1.70E-05
562.5,1.70E-05
562.75,1.76E-05
563,1.89E-05
563.25,2.07E-05
563.5,2.28E-05
563.75,2.48E-05
564,2.64E-05
564.25,2.77E-05
564.5,2.85E-05
564.75,2.90E-05
565,2.91E-05
565.25,2.85E-05
565.5,2.69E-05
565.75,2.39E-05
566,2.08E-05
566.25,1.95E-05
566.5,2.16E-05
566.75,2.82E-05
567,3.71E-05
567.25,4.51E-05
567.5,4.96E-05
567.75,4.89E-05
568,4.39E-05
568.25,3.63E-05
568.5,2.84E-05
568.75,2.21E-05
569,1.76E-05
569.25,1.46E-05
569.5,1.26E-05
569.75,1.11E-05
570,9.89E-06
570.25,9.01E-06
570.5,8.46E-06
570.75,8.33E-06
571,8.77E-06
571.25,9.85E-06
571.5,1.15E-05
571.75,1.37E-05
572,1.61E-05
572.25,1.87E-05
572.5,2.13E-05
572.75,2.41E-05
573,2.69E-05
573.25,2.93E-05
573.5,3.08E-05
573.75,3.02E-05
574,2.69E-05
574.25,2.29E-05
574.5,1.98E-05
574.75,1.79E-05
575,1.68E-05
575.25,1.63E-05
575.5,1.65E-05
575.75,1.79E-05
576,2.06E-05
576.25,2.47E-05
576.5,2.95E-05
576.75,3.42E-05
577,3.75E-05
577.25,3.79E-05
577.5,3.52E-05
577.75,3.10E-05
578,2.70E-05
578.25,2.51E-05
578.5,2.56E-05
578.75,2.82E-05
579,3.19E-05
579.25,3.57E-05
579.5,3.92E-05
579.75,4.22E-05
580,4.47E-05
580.25,4.69E-05
580.5,4.87E-05
580.75,5.02E-05
581,5.12E-05
581.25,5.16E-05
581.5,5.19E-05
581.75,5.22E-05
582,5.22E-05
582.25,5.15E-05
582.5,5.08E-05
582.75,5.06E-05
583,5.15E-05
583.25,5.35E-05
583.5,5.63E-05
583.75,5.92E-05
584,6.16E-05
584.25,6.29E-05
584.5,6.28E-05
584.75,6.19E-05
585,6.08E-05
585.25,6.06E-05
585.5,6.24E-05
585.75,6.65E-05
586,7.23E-05
586.25,7.90E-05
586.5,8.52E-05
586.75,9.06E-05
587,9.55E-05
587.25,0.000100157
587.5,0.00010495
587.75,0.000110604
588,0.000117625
588.25,0.000125665
588.5,0.000133942
588.75,0.000141001
589,0.000145365
589.25,0.000145788
589.5,0.000142565
589.75,0.000138696
590,0.000136145
590.25,0.00013491
590.5,0.000134731
590.75,0.000135236
591,0.000136081
591.25,0.000136971
591.5,0.000137803
591.75,0.00013865
592,0.000139675
592.25,0.000141103
592.5,0.000143125
592.75,0.000145882
593,0.000149316
593.25,0.000153227
593.5,0.000157167
593.75,0.000160608
594,0.000163126
594.25,0.00016465
594.5,0.000166405
594.75,0.000169793
595,0.000175694
595.25,0.000184315
595.5,0.000194331
595.75,0.000204412
596,0.000213789
596.25,0.000222079
596.5,0.000229455
596.75,0.000236178
597,0.000242534
597.25,0.000248508
597.5,0.000253727
597.75,0.000258229
598,0.000262501
598.25,0.000267101
598.5,0.000272581
598.75,0.000278863
599,0.000285406
599.25,0.000291442
599.5,0.000296149
599.75,0.000299246
600,0.000300811
600.25,0.000301512
600.5,0.000302227
600.75,0.000303706
601,0.000306523
601.25,0.000310699
601.5,0.000315947
601.75,0.000321418
602,0.000326562
602.25,0.000331932
602.5,0.000337794
602.75,0.000343398
603,0.000347805
603.25,0.000350011
603.5,0.000349952
603.75,0.000348959
604,0.00034815
604.25,0.000348225
604.5,0.000349496
604.75,0.000351883
605,0.000354943
605.25,0.000357955
605.5,0.000360469
605.75,0.000362261
606,0.00036341
606.25,0.000364186
606.5,0.000364969
606.75,0.000366126
607,0.000367607
607.25,0.000369147
607.5,0.000370203
607.75,0.000370224
608,0.000368964
608.25,0.000366377
608.5,0.000362834
608.75,0.000358804
609,0.000354779
609.25,0.000351128
609.5,0.000347928
609.75,0.000345002
610,0.000341784
610.25,0.000337852
610.5,0.000333066
610.75,0.00032754
611,0.000321668
611.25,0.000315696
611.5,0.000309694
611.75,0.000303628
612,0.000297378
612.25,0.00029079
612.5,0.000283696
612.75,0.000276014
613,0.000267736
613.25,0.000259038
613.5,0.000250226
613.75,0.000241873
614,0.000234491
614.25,0.000227776
614.5,0.000221063
614.75,0.000213269
615,0.000203489
615.25,0.000191729
615.5,0.000178494
615.75,0.000165115
616,0.000152762
616.25,0.000141953
616.5,0.000132825
616.75,0.000124993
617,0.00011795
617.25,0.000111104
617.5,0.000104204
617.75,9.74E-05
618,9.08E-05
618.25,8.43E-05
618.5,7.77E-05
618.75,7.07E-05
619,6.36E-05
619.25,5.70E-05
619.5,5.05E-05
619.75,4.38E-05
620,3.71E-05
620.25,3.08E-05
620.5,2.57E-05
620.75,2.24E-05
621,2.13E-05
621.25,2.26E-05
621.5,2.53E-05
621.75,2.80E-05
622,2.92E-05
622.25,2.83E-05
622.5,2.58E-05
622.75,2.24E-05
623,1.95E-05
623.25,1.77E-05
623.5,1.69E-05
623.75,1.70E-05
624,1.78E-05
624.25,1.95E-05
624.5,2.23E-05
624.75,2.63E-05
625,3.07E-05
625.25,3.49E-05
625.5,3.78E-05
625.75,3.82E-05
626,3.47E-05
626.25,2.93E-05
626.5,2.51E-05
626.75,2.33E-05
627,2.40E-05
627.25,2.60E-05
627.5,2.80E-05
627.75,2.93E-05
628,2.96E-05
628.25,2.91E-05
628.5,2.80E-05
628.75,2.66E-05
629,2.53E-05
629.25,2.40E-05
629.5,2.28E-05
629.75,2.17E-05
630,2.11E-05
630.25,2.17E-05
630.5,2.38E-05
630.75,2.72E-05
631,3.08E-05
631.25,3.28E-05
631.5,3.24E-05
631.75,2.94E-05
632,2.46E-05
632.25,1.97E-05
632.5,1.61E-05
632.75,1.42E-05
633,1.42E-05
633.25,1.57E-05
633.5,1.79E-05
633.75,1.99E-05
634,2.20E-05
634.25,2.47E-05
634.5,2.74E-05
634.75,2.96E-05
635,3.05E-05
635.25,3.00E-05
635.5,2.89E-05
635.75,2.80E-05
636,2.76E-05
636.25,2.78E-05
636.5,2.87E-05
636.75,3.00E-05
637,3.17E-05
637.25,3.37E-05
637.5,3.61E-05
637.75,3.89E-05
638,4.17E-05
638.25,4.43E-05
638.5,4.64E-05
638.75,4.77E-05
639,4.86E-05
639.25,4.91E-05
639.5,4.94E-05
639.75,4.96E-05
640,4.96E-05
640.25,4.95E-05
640.5,4.99E-05
640.75,5.11E-05
641,5.34E-05
641.25,5.67E-05
641.5,6.07E-05
641.75,6.50E-05
642,6.90E-05
642.25,7.19E-05
642.5,7.34E-05
642.75,7.49E-05
643,7.78E-05
643.25,8.30E-05
643.5,9.08E-05
643.75,9.92E-05
644,0.00010672
644.25,0.000112582
644.5,0.000116597
644.75,0.000119045
645,0.000120386
645.25,0.000121221
645.5,0.000121886
645.75,0.000122486
646,0.000123086
646.25,0.000123695
646.5,0.000124034
646.75,0.000123717
647,0.000122763
647.25,0.000121467
647.5,0.00012064
647.75,0.000121142
648,0.00012308
648.25,0.000126349
648.5,0.000130889
648.75,0.000136665
649,0.000143686
649.25,0.000151955
649.5,0.000161441
649.75,0.000172082
650,0.000183759
650.25,0.000196152
650.5,0.000208625
650.75,0.000221318
651,0.000235515
651.25,0.000251769
651.5,0.000269669
651.75,0.000289218
652,0.00031082
652.25,0.00033383
652.5,0.000356853
652.75,0.000380065
653,0.000404749
653.25,0.000432434
653.5,0.00046468
653.75,0.000502365
654,0.000545853
654.25,0.00059434
654.5,0.000647436
654.75,0.000708931
655,0.000782392
655.25,0.000865438
655.5,0.000953596
655.75,0.001040414
656,0.001121727
656.25,0.001200274
656.5,0.001274747
656.75,0.001332993
657,0.001363135
657.25,0.001356266
657.5,0.001308701
657.75,0.001224175
658,0.001116457
658.25,0.001009717
658.5,0.000907857
658.75,0.000795326
659,0.000676432
659.25,0.00057151
659.5,0.000489196
659.75,0.000429289
660,0.000385958
660.25,0.000351215
660.5,0.000323874
660.75,0.000305413
661,0.000294519
661.25,0.00028874
661.5,0.00028518
661.75,0.000281271
662,0.000276259
662.25,0.000269952
662.5,0.000262514
662.75,0.000253938
663,0.000243599
663.25,0.000231172
663.5,0.000217175
663.75,0.000202312
664,0.000187406
664.25,0.000172919
664.5,0.000158789
664.75,0.000145103
665,0.000132177
665.25,0.000120237
665.5,0.000109407
665.75,9.97E-05
666,9.12E-05
666.25,8.36E-05
666.5,7.69E-05
666.75,7.14E-05
667,6.75E-05
667.25,6.48E-05
667.5,6.19E-05
667.75,5.83E-05
668,5.39E-05
668.25,4.92E-05
668.5,4.52E-05
668.75,4.24E-05
669,4.13E-05
669.25,4.13E-05
669.5,4.21E-05
669.75,4.31E-05
670,4.39E-05
670.25,4.43E-05
670.5,4.44E-05
670.75,4.44E-05
671,4.44E-05
671.25,4.43E-05
671.5,4.40E-05
671.75,4.36E-05
672,4.36E-05
672.25,4.40E-05
672.5,4.51E-05
672.75,4.67E-05
673,4.86E-05
673.25,5.03E-05
673.5,5.17E-05
673.75,5.25E-05
674,5.29E-05
674.25,5.30E-05
674.5,5.31E-05
674.75,5.35E-05
675,5.42E-05
675.25,5.52E-05
675.5,5.63E-05
675.75,5.75E-05
676,5.93E-05
676.25,6.19E-05
676.5,6.46E-05
676.75,6.67E-05
677,6.75E-05
677.25,6.67E-05
677.5,6.50E-05
677.75,6.32E-05
678,6.18E-05
678.25,6.16E-05
678.5,6.28E-05
678.75,6.49E-05
679,6.67E-05
679.25,6.79E-05
679.5,6.86E-05
679.75,6.89E-05
680,6.85E-05
680.25,6.69E-05
680.5,6.30E-05
680.75,5.71E-05
681,5.00E-05
681.25,4.28E-05
681.5,3.71E-05
681.75,3.33E-05
682,3.18E-05
682.25,3.20E-05
682.5,3.32E-05
682.75,3.51E-05
683,3.74E-05
683.25,4.06E-05
683.5,4.44E-05
683.75,4.69E-05
684,4.62E-05
684.25,4.14E-05
684.5,3.31E-05
684.75,2.45E-05
685,1.79E-05
685.25,1.41E-05
685.5,1.32E-05
685.75,1.40E-05
686,1.54E-05
686.25,1.60E-05
686.5,1.53E-05
686.75,1.33E-05
687,1.08E-05
687.25,8.83E-06
687.5,8.04E-06
687.75,8.74E-06
688,1.03E-05
688.25,1.19E-05
688.5,1.33E-05
688.75,1.48E-05
689,1.63E-05
689.25,1.74E-05
689.5,1.78E-05
689.75,1.70E-05
690,1.50E-05
690.25,1.21E-05
690.5,8.87E-06
690.75,6.43E-06
691,5.88E-06
691.25,7.69E-06
691.5,1.14E-05
691.75,1.58E-05
692,1.94E-05
692.25,2.13E-05
692.5,2.18E-05
692.75,2.15E-05
693,2.11E-05
693.25,2.08E-05
693.5,2.08E-05
693.75,2.10E-05
694,2.13E-05
694.25,2.18E-05
694.5,2.25E-05
694.75,2.35E-05
695,2.49E-05
695.25,2.62E-05
695.5,2.69E-05
695.75,2.60E-05
696,2.32E-05
696.25,1.98E-05
696.5,1.71E-05
696.75,1.55E-05
697,1.48E-05
697.25,1.47E-05
697.5,1.47E-05
697.75,1.46E-05
698,1.42E-05
698.25,1.34E-05
698.5,1.25E-05
698.75,1.16E-05
699,1.10E-05
699.25,1.06E-05
699.5,1.05E-05
699.75,1.05E-05
700,1.10E-05
700.25,1.26E-05
700.5,1.51E-05
700.75,1.84E-05
701,2.13E-05
701.25,2.28E-05
701.5,2.27E-05
701.75,2.08E-05
702,1.78E-05
702.25,1.45E-05
702.5,1.12E-05
702.75,8.37E-06
703,5.87E-06
703.25,3.75E-06
703.5,2.20E-06
703.75,1.59E-06
704,2.54E-06
704.25,4.97E-06
704.5,7.57E-06
704.75,9.53E-06
705,1.09E-05
705.25,1.20E-05
705.5,1.28E-05
705.75,1.35E-05
706,1.42E-05
706.25,1.51E-05
706.5,1.60E-05
706.75,1.68E-05
707,1.71E-05
707.25,1.68E-05
707.5,1.55E-05
707.75,1.36E-05
708,1.19E-05
708.25,1.13E-05
708.5,1.22E-05
708.75,1.43E-05
709,1.66E-05
709.25,1.84E-05
709.5,1.93E-05
709.75,1.93E-05
710,1.85E-05
710.25,1.73E-05
710.5,1.57E-05
710.75,1.39E-05
711,1.20E-05
711.25,9.99E-06
711.5,8.47E-06
711.75,8.15E-06
712,9.56E-06
712.25,1.30E-05
712.5,1.74E-05
712.75,2.08E-05
713,2.26E-05
713.25,2.27E-05
713.5,2.18E-05
713.75,2.03E-05
714,1.80E-05
714.25,1.47E-05
714.5,1.05E-05
714.75,6.04E-06
715,2.38E-06
715.25,5.10E-07
715.5,1.26E-06
715.75,4.83E-06
716,9.24E-06
716.25,1.24E-05
716.5,1.38E-05
716.75,1.34E-05
717,1.23E-05
717.25,1.14E-05
717.5,1.16E-05
717.75,1.31E-05
718,1.53E-05
718.25,1.74E-05
718.5,1.86E-05
718.75,1.81E-05
719,1.60E-05
719.25,1.26E-05
719.5,8.96E-06
719.75,5.84E-06
720,3.68E-06
720.25,2.50E-06
720.5,2.06E-06
720.75,2.64E-06
721,4.73E-06
721.25,8.44E-06
721.5,1.35E-05
721.75,1.86E-05
722,2.21E-05
722.25,2.33E-05
722.5,2.20E-05
722.75,1.92E-05
723,1.55E-05
723.25,1.19E-05
723.5,8.73E-06
723.75,5.94E-06
724,3.47E-06
724.25,1.55E-06
724.5,7.43E-07
724.75,2.10E-06
725,5.42E-06
725.25,8.76E-06
725.5,1.08E-05
725.75,1.10E-05
726,9.75E-06
726.25,8.07E-06
726.5,6.42E-06
726.75,4.85E-06
727,3.44E-06
727.25,2.30E-06
727.5,1.55E-06
727.75,1.43E-06
728,2.80E-06
728.25,6.47E-06
728.5,1.13E-05
728.75,1.57E-05
729,1.84E-05
729.25,1.87E-05
729.5,1.73E-05
729.75,1.51E-05
730,1.32E-05
730.25,1.21E-05
730.5,1.19E-05
730.75,1.22E-05
731,1.25E-05
731.25,1.20E-05
731.5,9.91E-06
731.75,6.54E-06
732,3.64E-06
732.25,2.19E-06
732.5,2.14E-06
732.75,2.66E-06
733,2.41E-06
733.25,2.12E-06
733.5,3.99E-06
733.75,8.12E-06
734,1.32E-05
734.25,1.83E-05
734.5,2.25E-05
734.75,2.48E-05
735,2.45E-05
735.25,2.19E-05
735.5,1.79E-05
735.75,1.37E-05
736,1.03E-05
736.25,8.08E-06
736.5,6.68E-06
736.75,5.61E-06
737,4.62E-06
737.25,4.29E-06
737.5,4.94E-06
737.75,6.06E-06
738,6.53E-06
738.25,4.57E-06
738.5,1.12E-06
738.75,8.56E-07
739,4.40E-06
739.25,7.56E-06
739.5,8.58E-06
739.75,8.17E-06
740,6.73E-06
740.25,4.42E-06
740.5,2.29E-06
740.75,1.85E-06
741,3.27E-06
741.25,5.89E-06
741.5,8.11E-06
741.75,8.21E-06
742,6.30E-06
742.25,3.24E-06
742.5,5.13E-07
742.75,-4.52E-07
743,8.59E-07
743.25,4.40E-06
743.5,9.04E-06
743.75,1.35E-05
744,1.68E-05
744.25,1.81E-05
744.5,1.76E-05
744.75,1.59E-05
745,1.40E-05
745.25,1.25E-05
745.5,1.10E-05
745.75,9.59E-06
746,8.40E-06
746.25,6.89E-06
746.5,3.95E-06
746.75,1.00E-06
747,1.00E-06
747.25,2.49E-06
747.5,1.74E-06
747.75,6.67E-07
748,3.38E-06
748.25,8.42E-06
748.5,1.25E-05
748.75,1.57E-05
749,1.92E-05
749.25,2.26E-05
749.5,2.50E-05
749.75,2.55E-05
750,2.38E-05
750.25,2.10E-05
750.5,1.82E-05
750.75,1.61E-05
751,1.50E-05
751.25,1.47E-05
751.5,1.52E-05
751.75,1.61E-05
752,1.74E-05
752.25,1.91E-05
752.5,2.11E-05
752.75,2.32E-05
753,2.50E-05
753.25,2.64E-05
753.5,2.72E-05
753.75,2.76E-05
754,2.79E-05
754.25,2.82E-05
754.5,2.83E-05
754.75,2.82E-05
755,2.85E-05
755.25,2.98E-05
755.5,3.25E-05
755.75,3.68E-05
756,4.22E-05
756.25,4.76E-05
756.5,5.20E-05
756.75,5.41E-05
757,5.36E-05
757.25,5.09E-05
757.5,4.85E-05
757.75,4.85E-05
758,5.15E-05
758.25,5.71E-05
758.5,6.32E-05
758.75,6.86E-05
759,7.36E-05
759.25,7.82E-05
759.5,8.22E-05
759.75,8.56E-05
760,8.93E-05
760.25,9.32E-05
760.5,9.71E-05
760.75,0.000100313
761,0.000101722
761.25,9.83E-05
761.5,8.71E-05
761.75,7.14E-05
762,5.71E-05
762.25,4.64E-05
762.5,3.99E-05
762.75,3.66E-05
763,3.47E-05
763.25,3.34E-05
763.5,3.18E-05
763.75,2.99E-05
764,2.77E-05
764.25,2.52E-05
764.5,2.25E-05
764.75,1.92E-05
765,1.55E-05
765.25,1.16E-05
765.5,8.36E-06
765.75,6.80E-06
766,7.36E-06
766.25,9.60E-06
766.5,1.24E-05
766.75,1.41E-05
767,1.40E-05
767.25,1.26E-05
767.5,9.95E-06
767.75,6.52E-06
768,3.47E-06
768.25,2.23E-06
768.5,3.03E-06
768.75,5.36E-06
769,7.66E-06
769.25,8.20E-06
769.5,6.43E-06
769.75,2.91E-06
770,1.23E-06
770.25,3.87E-06
770.5,7.87E-06
770.75,1.06E-05
771,1.25E-05
771.25,1.39E-05
771.5,1.44E-05
771.75,1.35E-05
772,1.20E-05
772.25,1.03E-05
772.5,8.44E-06
772.75,6.52E-06
773,4.50E-06
773.25,2.52E-06
773.5,9.66E-07
773.75,6.90E-07
774,2.75E-06
774.25,6.39E-06
774.5,9.83E-06
774.75,1.22E-05
775,1.34E-05
775.25,1.34E-05
775.5,1.28E-05
775.75,1.18E-05
776,1.03E-05
776.25,8.43E-06
776.5,6.39E-06
776.75,4.32E-06
777,2.46E-06
777.25,1.10E-06
777.5,4.39E-07
777.75,3.95E-07
778,8.66E-07
778.25,1.79E-06
778.5,3.11E-06
778.75,4.81E-06
779,6.51E-06
779.25,7.41E-06
779.5,6.80E-06
779.75,4.24E-06
780,1.09E-06
780.25,1.94E-07
780.5,1.33E-06
780.75,2.21E-06
781,3.39E-06
781.25,6.94E-06
781.5,1.14E-05
781.75,1.37E-05
782,1.26E-05
782.25,8.22E-06
782.5,3.57E-06
782.75,1.75E-06
783,1.78E-06
783.25,1.93E-06
783.5,1.88E-06
783.75,1.69E-06
784,1.51E-06
784.25,1.47E-06
784.5,1.60E-06
784.75,1.91E-06
785,2.52E-06
785.25,3.52E-06
785.5,4.98E-06
785.75,6.76E-06
786,8.38E-06
786.25,9.84E-06
786.5,1.16E-05
786.75,1.37E-05
787,1.55E-05
787.25,1.62E-05
787.5,1.49E-05
787.75,1.21E-05
788,8.91E-06
788.25,6.35E-06
788.5,5.37E-06
788.75,6.05E-06
789,8.06E-06
789.25,1.06E-05
789.5,1.27E-05
789.75,1.40E-05
790,1.41E-05
790.25,1.35E-05
790.5,1.24E-05
790.75,1.09E-05
791,8.97E-06
791.25,6.73E-06
791.5,4.48E-06
791.75,2.69E-06
792,1.64E-06
792.25,1.29E-06
792.5,1.53E-06
792.75,2.26E-06
793,3.48E-06
793.25,5.29E-06
793.5,7.52E-06
793.75,9.74E-06
794,1.14E-05
794.25,1.18E-05
794.5,1.01E-05
794.75,5.79E-06
795,1.62E-06
795.25,1.13E-06
795.5,2.57E-06
795.75,2.57E-06
796,1.48E-06
796.25,6.11E-07
796.5,1.65E-07
796.75,4.12E-08
797,2.08E-07
797.25,6.43E-07
797.5,1.32E-06
797.75,2.24E-06
798,3.50E-06
798.25,5.04E-06
798.5,6.46E-06
798.75,7.71E-06
799,9.36E-06
799.25,1.15E-05
799.5,1.32E-05
799.75,1.40E-05
800,1.33E-05
800.25,1.14E-05
800.5,8.95E-06
800.75,6.72E-06
801,5.03E-06
801.25,4.01E-06
801.5,3.54E-06
801.75,3.08E-06
802,2.03E-06
802.25,1.09E-06
802.5,1.35E-06
802.75,2.70E-06
803,4.63E-06
803.25,6.50E-06
803.5,7.83E-06
803.75,8.74E-06
804,9.49E-06
804.25,1.02E-05
804.5,1.11E-05
804.75,1.20E-05
805,1.29E-05
805.25,1.35E-05
805.5,1.38E-05
805.75,1.37E-05
806,1.32E-05
806.25,1.24E-05
806.5,1.13E-05
806.75,9.69E-06
807,7.60E-06
807.25,5.11E-06
807.5,2.74E-06
807.75,1.35E-06
808,1.21E-06
808.25,2.21E-06
808.5,3.80E-06
808.75,5.30E-06
809,6.58E-06
809.25,7.66E-06
809.5,8.49E-06
809.75,8.94E-06
810,8.88E-06
810.25,8.20E-06
810.5,6.90E-06
810.75,5.12E-06
811,3.28E-06
811.25,1.77E-06
811.5,8.26E-07
811.75,5.40E-07
812,7.68E-07
812.25,1.30E-06
812.5,1.84E-06
812.75,2.23E-06
813,2.41E-06
813.25,2.24E-06
813.5,1.46E-06
813.75,8.12E-07
814,1.80E-06
814.25,4.08E-06
814.5,6.04E-06
814.75,7.28E-06
815,8.15E-06
815.25,8.87E-06
815.5,9.47E-06
815.75,9.05E-06
816,6.70E-06
816.25,3.40E-06
816.5,7.89E-07
816.75,4.65E-07
817,3.44E-06
817.25,8.62E-06
817.5,1.44E-05
817.75,1.92E-05
818,2.17E-05
818.25,2.18E-05
818.5,1.99E-05
818.75,1.72E-05
819,1.49E-05
819.25,1.38E-05
819.5,1.40E-05
819.75,1.50E-05
820,1.58E-05
820.25,1.57E-05
820.5,1.44E-05
820.75,1.25E-05
821,1.05E-05
821.25,9.21E-06
821.5,8.97E-06
821.75,9.66E-06
822,1.09E-05
822.25,1.20E-05
822.5,1.28E-05
822.75,1.29E-05
823,1.25E-05
823.25,1.20E-05
823.5,1.17E-05
823.75,1.23E-05
824,1.38E-05
824.25,1.61E-05
824.5,1.83E-05
824.75,1.98E-05
825,2.06E-05
825.25,2.07E-05
825.5,2.09E-05
825.75,2.15E-05
826,2.28E-05
826.25,2.48E-05
826.5,2.72E-05
826.75,2.99E-05
827,3.25E-05
827.25,3.48E-05
827.5,3.70E-05
827.75,3.91E-05
828,4.19E-05
828.25,4.58E-05
828.5,5.14E-05
828.75,5.81E-05
829,6.46E-05
829.25,6.99E-05
829.5,7.33E-05
829.75,7.59E-05
830,7.90E-05
830.25,8.37E-05
830.5,9.03E-05
830.75,9.88E-05
831,0.000108743
831.25,0.000119385
831.5,0.000130169
831.75,0.000140952
832,0.000151707
832.25,0.000162515
832.5,0.000174288
832.75,0.000189173
833,0.00020706
833.25,0.000224829
833.5,0.0002409
833.75,0.000255542
834,0.000268539
834.25,0.000279132
834.5,0.000286069
834.75,0.000287813
835,0.000283482
835.25,0.000272858
835.5,0.000257937
835.75,0.000241515
836,0.000224236
836.25,0.000206018
836.5,0.000187678
836.75,0.000170406
837,0.000155708
837.25,0.000144721
837.5,0.000137011
837.75,0.000132102
838,0.000130371
838.25,0.000132203
838.5,0.000137646
838.75,0.000145849
839,0.00015436
839.25,0.000161
839.5,0.000164318
839.75,0.000163859
840,0.000160386
840.25,0.000154745
840.5,0.00014775
840.75,0.000139579
841,0.000129906
841.25,0.000119236
841.5,0.000108595
841.75,9.79E-05
842,8.66E-05
842.25,7.54E-05
842.5,6.59E-05
842.75,5.89E-05
843,5.48E-05
843.25,5.32E-05
843.5,5.30E-05
843.75,5.30E-05
844,5.23E-05
844.25,5.07E-05
844.5,4.84E-05
844.75,4.66E-05
845,4.58E-05
845.25,4.59E-05
845.5,4.66E-05
845.75,4.82E-05
846,5.09E-05
846.25,5.42E-05
846.5,5.81E-05
846.75,6.29E-05
847,6.94E-05
847.25,7.90E-05
847.5,9.19E-05
847.75,0.000107219
848,0.000123312
848.25,0.0001379
848.5,0.000148774
848.75,0.000154287
849,0.000157133
849.25,0.00016181
849.5,0.000170383
849.75,0.000183524
850,0.000199804
850.25,0.000217061
850.5,0.000232984
850.75,0.000246063
851,0.00025772
851.25,0.000270036
851.5,0.000285166
851.75,0.000305028
852,0.000330949
852.25,0.000361995
852.5,0.000393211
852.75,0.000425275
853,0.000468074
853.25,0.000522048
853.5,0.000574442
853.75,0.000611629
854,0.000620622
854.25,0.00060039
854.5,0.000560264
854.75,0.00050726
855,0.000446223
855.25,0.000379603
855.5,0.000308848
855.75,0.000238841
856,0.000175933
856.25,0.000124712
856.5,8.81E-05
856.75,6.36E-05
857,4.73E-05
857.25,3.57E-05
857.5,2.63E-05
857.75,1.94E-05
858,1.51E-05
858.25,1.21E-05
858.5,9.05E-06
858.75,6.22E-06
859,3.81E-06
859.25,2.02E-06
859.5,1.23E-06
859.75,2.15E-06
860,4.47E-06
860.25,6.68E-06
860.5,7.93E-06
860.75,8.19E-06
861,7.21E-06
861.25,4.67E-06
861.5,1.85E-06
861.75,9.86E-07
862,1.78E-06
862.25,2.58E-06
862.5,3.08E-06
862.75,3.66E-06
863,4.61E-06
863.25,6.11E-06
863.5,7.78E-06
863.75,9.09E-06
864,9.44E-06
864.25,8.43E-06
864.5,6.31E-06
864.75,3.68E-06
865,1.56E-06
865.25,9.43E-07
865.5,2.57E-06
865.75,6.19E-06
866,9.81E-06
866.25,1.25E-05
866.5,1.51E-05
866.75,1.79E-05
867,2.03E-05
867.25,2.12E-05
867.5,1.95E-05
867.75,1.55E-05
868,1.06E-05
868.25,6.35E-06
868.5,3.65E-06
868.75,2.94E-06
869,4.11E-06
869.25,6.25E-06
869.5,8.29E-06
869.75,1.07E-05
870,1.43E-05
870.25,1.82E-05
870.5,2.12E-05
870.75,2.19E-05
871,1.99E-05
871.25,1.63E-05
871.5,1.26E-05
871.75,9.44E-06
872,7.28E-06
872.25,6.01E-06
872.5,5.45E-06
872.75,5.42E-06
873,5.78E-06
873.25,6.61E-06
873.5,7.79E-06
873.75,9.04E-06
874,1.00E-05
874.25,1.04E-05
874.5,1.01E-05
874.75,9.45E-06
875,8.98E-06
875.25,9.12E-06
875.5,9.90E-06
875.75,1.10E-05
876,1.18E-05
876.25,1.15E-05
876.5,9.96E-06
876.75,7.30E-06
877,4.25E-06
877.25,1.63E-06
877.5,-8.77E-09
877.75,-3.57E-07
878,3.68E-07
878.25,1.80E-06
878.5,3.48E-06
878.75,5.09E-06
879,6.64E-06
879.25,8.29E-06
879.5,1.04E-05
879.75,1.31E-05
880,1.66E-05
880.25,2.04E-05
880.5,2.33E-05
880.75,2.42E-05
881,2.28E-05
881.25,1.92E-05
881.5,1.48E-05
881.75,1.11E-05
882,9.67E-06
882.25,1.10E-05
882.5,1.47E-05
882.75,1.90E-05
883,2.17E-05
883.25,2.22E-05
883.5,2.07E-05
883.75,1.86E-05
884,1.73E-05
884.25,1.73E-05
884.5,1.84E-05
884.75,2.02E-05
885,2.23E-05
885.25,2.45E-05
885.5,2.67E-05
885.75,2.88E-05
886,3.08E-05
886.25,3.24E-05
886.5,3.33E-05
886.75,3.28E-05
887,3.12E-05
887.25,3.01E-05
887.5,3.07E-05
887.75,3.37E-05
888,3.86E-05
888.25,4.32E-05
888.5,4.65E-05
888.75,4.78E-05
889,4.74E-05
889.25,4.63E-05
889.5,4.54E-05
889.75,4.55E-05
890,4.67E-05
890.25,4.90E-05
890.5,5.13E-05
890.75,5.30E-05
891,5.33E-05
891.25,5.22E-05
891.5,5.06E-05
891.75,4.93E-05
892,4.81E-05
892.25,4.69E-05
892.5,4.57E-05
892.75,4.47E-05
893,4.38E-05
893.25,4.31E-05
893.5,4.24E-05
893.75,4.18E-05
894,4.14E-05
894.25,4.13E-05
894.5,4.15E-05
894.75,4.19E-05
895,4.20E-05
895.25,4.18E-05
895.5,4.15E-05
895.75,4.11E-05
896,4.04E-05
896.25,3.87E-05
896.5,3.50E-05
896.75,2.99E-05
897,2.47E-05
897.25,2.05E-05
897.5,1.86E-05
897.75,1.90E-05
898,2.10E-05
898.25,2.36E-05
898.5,2.53E-05
898.75,2.55E-05
899,2.39E-05
899.25,2.14E-05
899.5,1.91E-05
899.75,1.83E-05
900,1.95E-05
900.25,2.17E-05
900.5,2.38E-05
900.75,2.42E-05
901,2.27E-05
901.25,1.97E-05
901.5,1.61E-05
901.75,1.27E-05
902,1.02E-05
902.25,8.55E-06
902.5,7.66E-06
902.75,7.11E-06
903,6.63E-06
903.25,6.01E-06
903.5,5.28E-06
903.75,4.52E-06
904,3.73E-06
904.25,2.90E-06
904.5,2.03E-06
904.75,1.15E-06
905,4.56E-07
905.25,1.21E-07
905.5,2.79E-07
905.75,7.90E-07
906,9.32E-07
906.25,5.28E-07
906.5,5.37E-07
906.75,1.58E-06
907,3.58E-06
907.25,5.12E-06
907.5,3.45E-06
907.75,4.20E-07
908,2.31E-06
908.25,8.50E-06
908.5,1.26E-05
908.75,1.25E-05
909,9.19E-06
909.25,4.88E-06
909.5,2.13E-06
909.75,1.29E-06
910,1.55E-06
910.25,1.71E-06
910.5,8.05E-07
910.75,3.64E-08
911,8.00E-07
911.25,2.32E-06
911.5,3.53E-06
911.75,4.29E-06
912,4.50E-06
912.25,3.67E-06
912.5,1.88E-06
912.75,6.16E-07
913,6.92E-07
913.25,1.39E-06
913.5,1.98E-06
913.75,1.92E-06
914,1.35E-06
914.25,1.21E-06
914.5,2.03E-06
914.75,3.87E-06
915,6.14E-06
915.25,7.73E-06
915.5,8.30E-06
915.75,8.07E-06
916,7.46E-06
916.25,6.91E-06
916.5,6.07E-06
916.75,4.36E-06
917,2.41E-06
917.25,1.22E-06
917.5,1.57E-06
917.75,3.83E-06
918,6.99E-06
918.25,9.85E-06
918.5,1.17E-05
918.75,1.23E-05
919,1.19E-05
919.25,1.10E-05
919.5,1.04E-05
919.75,1.04E-05
920,1.12E-05
920.25,1.25E-05
920.5,1.36E-05
920.75,1.39E-05
921,1.32E-05
921.25,1.19E-05
921.5,1.07E-05
921.75,9.07E-06
922,4.99E-06
922.25,9.05E-07
922.5,1.58E-06
922.75,4.47E-06
923,3.75E-06
923.25,1.53E-06
923.5,2.82E-06
923.75,6.71E-06
924,1.03E-05
924.25,1.25E-05
924.5,1.29E-05
924.75,1.26E-05
925,1.27E-05
925.25,1.43E-05
925.5,1.77E-05
925.75,2.18E-05
926,2.52E-05
926.25,2.68E-05
926.5,2.61E-05
926.75,2.42E-05
927,2.20E-05
927.25,2.04E-05
927.5,1.98E-05
927.75,2.01E-05
928,2.13E-05
928.25,2.27E-05
928.5,2.44E-05
928.75,2.63E-05
929,2.84E-05
929.25,3.05E-05
929.5,3.27E-05
929.75,3.48E-05
930,3.69E-05
930.25,3.93E-05
930.5,4.13E-05
930.75,4.22E-05
931,4.22E-05
931.25,4.23E-05
931.5,4.48E-05
931.75,5.20E-05
932,6.46E-05
932.25,8.15E-05
932.5,9.86E-05
932.75,0.000110938
933,0.000113121
933.25,0.000103527
933.5,8.76E-05
933.75,7.08E-05
934,5.75E-05
934.25,4.92E-05
934.5,4.42E-05
934.75,4.09E-05
935,3.79E-05
935.25,3.48E-05
935.5,3.17E-05
935.75,2.90E-05
936,2.68E-05
936.25,2.53E-05
936.5,2.47E-05
936.75,2.49E-05
937,2.58E-05
937.25,2.81E-05
937.5,3.22E-05
937.75,3.78E-05
938,4.41E-05
938.25,4.96E-05
938.5,5.32E-05
938.75,5.52E-05
939,5.61E-05
939.25,5.66E-05
939.5,5.70E-05
939.75,5.72E-05
940,5.75E-05
940.25,5.87E-05
940.5,6.16E-05
940.75,6.66E-05
941,7.38E-05
941.25,8.25E-05
941.5,9.17E-05
941.75,9.99E-05
942,0.000106826
942.25,0.000112839
942.5,0.000119336
942.75,0.000128172
943,0.000139826
943.25,0.000153907
943.5,0.000169457
943.75,0.000185367
944,0.000201228
944.25,0.000217001
944.5,0.000233157
944.75,0.000250277
945,0.000268717
945.25,0.00028871
945.5,0.000310264
945.75,0.00033317
946,0.00035676
946.25,0.000380439
946.5,0.00040394
946.75,0.000427907
947,0.000454534
947.25,0.000485151
947.5,0.000519577
947.75,0.000557239
948,0.000597282
948.25,0.000639877
948.5,0.000686109
948.75,0.00073468
949,0.000782338
949.25,0.000826827
949.5,0.000866738
949.75,0.000901793
950,0.000931631
950.25,0.000950296
950.5,0.000949807
950.75,0.000925881
951,0.000877992
951.25,0.000817366
951.5,0.000755338
951.75,0.000688747
952,0.000614105
952.25,0.000538813
952.5,0.000470424
952.75,0.000411005
953,0.000360952
953.25,0.000318976
953.5,0.000283628
953.75,0.000253568
954,0.000228275
954.25,0.000208365
954.5,0.00019312
954.75,0.000180211
955,0.000169543
955.25,0.000163172
955.5,0.000159928
955.75,0.000156011
956,0.000149528
956.25,0.000140128
956.5,0.000129059
956.75,0.000118407
957,0.000109787
957.25,0.000104307
957.5,0.000101365
957.75,9.96E-05
958,9.71E-05
958.25,9.20E-05
958.5,8.32E-05
958.75,7.10E-05
959,5.91E-05
959.25,5.16E-05
959.5,5.07E-05
959.75,5.59E-05
960,6.23E-05
960.25,6.60E-05
960.5,6.59E-05
960.75,6.25E-05
961,5.79E-05
961.25,5.41E-05
961.5,5.23E-05
961.75,5.29E-05
962,5.51E-05
962.25,5.77E-05
962.5,5.95E-05
962.75,5.94E-05
963,5.71E-05
963.25,5.37E-05
963.5,5.15E-05
963.75,5.17E-05
964,5.47E-05
964.25,5.91E-05
964.5,6.27E-05
964.75,6.54E-05
965,6.72E-05
965.25,6.83E-05
965.5,6.91E-05
965.75,6.87E-05
966,6.70E-05
966.25,6.41E-05
966.5,6.09E-05
966.75,5.87E-05
967,5.93E-05
967.25,6.50E-05
967.5,7.49E-05
967.75,8.39E-05
968,8.87E-05
968.25,8.90E-05
968.5,8.60E-05
968.75,8.19E-05
969,7.74E-05
969.25,7.17E-05
969.5,6.50E-05
969.75,5.83E-05
970,5.22E-05
970.25,4.73E-05
970.5,4.38E-05
970.75,4.14E-05
971,3.94E-05
971.25,3.73E-05
971.5,3.47E-05
971.75,3.18E-05
972,2.87E-05
972.25,2.59E-05
972.5,2.36E-05
972.75,2.16E-05
973,1.98E-05
973.25,1.80E-05
973.5,1.67E-05
973.75,1.63E-05
974,1.65E-05
974.25,1.60E-05
974.5,1.23E-05
974.75,6.46E-06
975,4.65E-06
975.25,8.26E-06
975.5,1.38E-05
975.75,1.75E-05
976,1.60E-05
976.25,1.05E-05
976.5,5.40E-06
976.75,2.32E-06
977,1.34E-06
977.25,1.62E-06
977.5,2.03E-06
977.75,2.44E-06
978,2.95E-06
978.25,3.15E-06
978.5,2.69E-06
978.75,2.11E-06
979,2.40E-06
979.25,5.10E-06
979.5,1.07E-05
979.75,1.69E-05
980,2.08E-05
980.25,2.00E-05
980.5,1.45E-05
980.75,8.37E-06
981,4.99E-06
981.25,6.20E-06
981.5,1.17E-05
981.75,1.86E-05
982,2.49E-05
982.25,2.88E-05
982.5,3.03E-05
982.75,3.05E-05
983,3.07E-05
983.25,3.17E-05
983.5,3.41E-05
983.75,3.78E-05
984,4.25E-05
984.25,4.81E-05
984.5,5.58E-05
984.75,6.65E-05
985,7.89E-05
985.25,9.07E-05
985.5,0.000100394
985.75,0.000107332
986,0.000113066
986.25,0.000119312
986.5,0.000127049
986.75,0.000136777
987,0.00014823
987.25,0.000160945
987.5,0.000174291
987.75,0.000187823
988,0.000201397
988.25,0.000215354
988.5,0.000230575
988.75,0.000247841
989,0.000267746
989.25,0.000289977
989.5,0.000313542
989.75,0.000338163
990,0.000363984
990.25,0.000390443
990.5,0.000416971
990.75,0.000446034
991,0.000480704
991.25,0.000519327
991.5,0.000558243
991.75,0.000592636
992,0.000618049
992.25,0.000632789
992.5,0.000637006
992.75,0.000634567
993,0.000627583
993.25,0.000611733
993.5,0.000585612
993.75,0.000556122
994,0.000528802
994.25,0.000504984
994.5,0.000484692
994.75,0.000466732
995,0.000451227
995.25,0.00043989
995.5,0.000432728
995.75,0.000427937
996,0.000423018
996.25,0.000415064
996.5,0.00040246
996.75,0.000384689
997,0.000363253
997.25,0.000340297
997.5,0.00031435
997.75,0.000283118
998,0.000249375
998.25,0.000217265
998.5,0.000188356
998.75,0.000163186
999,0.000141291
999.25,0.000122094
999.5,0.000105429
999.75,9.12E-05
1000,7.92E-05
1000.25,6.93E-05
1000.5,6.15E-05
1000.75,5.61E-05
1001,5.35E-05
1001.25,5.33E-05
1001.5,5.36E-05
1001.75,5.32E-05
1002,5.11E-05
1002.25,4.76E-05
1002.5,4.38E-05
1002.75,4.00E-05
1003,3.61E-05
1003.25,3.22E-05
1003.5,2.84E-05
1003.75,2.57E-05
1004,2.48E-05
1004.25,2.56E-05
1004.5,2.74E-05
1004.75,2.92E-05
1005,2.98E-05
1005.25,2.87E-05
1005.5,2.56E-05
1005.75,2.17E-05
1006,1.79E-05
1006.25,1.46E-05
1006.5,1.17E-05
1006.75,9.17E-06
1007,6.95E-06
1007.25,4.71E-06
1007.5,2.55E-06
1007.75,1.20E-06
1008,9.56E-07
1008.25,1.36E-06
1008.5,1.84E-06
1008.75,1.81E-06
1009,1.25E-06
1009.25,7.81E-07
1009.5,1.00E-06
1009.75,2.39E-06
1010,4.54E-06
1010.25,6.51E-06
1010.5,8.18E-06
1010.75,9.88E-06
1011,1.15E-05
1011.25,1.28E-05
1011.5,1.31E-05
1011.75,1.17E-05
1012,9.39E-06
1012.25,6.99E-06
1012.5,5.20E-06
1012.75,4.47E-06
1013,4.73E-06
1013.25,5.81E-06
1013.5,7.52E-06
1013.75,9.76E-06
1014,1.27E-05
1014.25,1.62E-05
1014.5,1.99E-05
1014.75,2.28E-05
1015,2.32E-05
1015.25,2.13E-05
1015.5,1.95E-05
1015.75,1.97E-05
1016,2.24E-05
1016.25,2.78E-05
1016.5,3.52E-05
1016.75,4.33E-05
1017,5.07E-05
1017.25,5.76E-05
1017.5,6.50E-05
1017.75,7.47E-05
1018,8.85E-05
1018.25,0.000106511
1018.5,0.000128651
1018.75,0.000155595
1019,0.000187869
1019.25,0.000224415
1019.5,0.000264509
1019.75,0.000309663
1020,0.000361641
1020.25,0.000421732
1020.5,0.000490372
1020.75,0.000566386
1021,0.000648145
1021.25,0.00073361
1021.5,0.000822015
1021.75,0.000914449
1022,0.00101228
1022.25,0.001116972
1022.5,0.001228511
1022.75,0.001345635
1023,0.001469984
1023.25,0.001605881
1023.5,0.001761306
1023.75,0.001944525
1024,0.002144122
1024.25,0.002342925
1024.5,0.002560811
1024.75,0.002824788
1025,0.003105831
1025.25,0.003360448
1025.5,0.003573981
1025.75,0.003740666
1026,0.003855748
1026.25,0.003912178
1026.5,0.003895009
1026.75,0.003785303
1027,0.00355815
1027.25,0.003222839
1027.5,0.002860649
1027.75,0.002517128
1028,0.002162739
1028.25,0.001792483
1028.5,0.00144544
1028.75,0.001148791
1029,0.000911473
1029.25,0.000727713
1029.5,0.000579096
1029.75,0.000457251
1030,0.000362078
1030.25,0.000291
1030.5,0.000239458
1030.75,0.000201251
1031,0.000170115
1031.25,0.000145854
1031.5,0.00013013
1031.75,0.000119501
1032,0.000109723
1032.25,0.000101572
1032.5,9.65E-05
1032.75,9.32E-05
1033,8.96E-05
1033.25,8.45E-05
1033.5,7.75E-05
1033.75,7.03E-05
1034,6.46E-05
1034.25,6.17E-05
1034.5,6.21E-05
1034.75,6.50E-05
1035,6.93E-05
1035.25,7.37E-05
1035.5,7.79E-05
1035.75,8.20E-05
1036,8.61E-05
1036.25,9.01E-05
1036.5,9.30E-05
1036.75,9.37E-05
1037,9.30E-05
1037.25,9.35E-05
1037.5,9.58E-05
1037.75,9.98E-05
1038,0.000105119
1038.25,0.000111428
1038.5,0.000118478
1038.75,0.000126119
1039,0.000134402
1039.25,0.000143481
1039.5,0.00015368
1039.75,0.000165373
1040,0.000178954
1040.25,0.000194197
1040.5,0.000209321
1040.75,0.000223079
1041,0.00023579
1041.25,0.000247759
1041.5,0.000258949
1041.75,0.000269307
1042,0.000278811
1042.25,0.000287413
1042.5,0.000295059
1042.75,0.000302224
1043,0.000309819
1043.25,0.000317579
1043.5,0.000324307
1043.75,0.000328878
1044,0.000330318
1044.25,0.00032842
1044.5,0.000323382
1044.75,0.000315309
1045,0.000303938
1045.25,0.000287114
1045.5,0.000263233
1045.75,0.000236529
1046,0.000211539
1046.25,0.000187377
1046.5,0.000162723
1046.75,0.00013891
1047,0.000117345
1047.25,9.84E-05
1047.5,8.20E-05
1047.75,6.79E-05
1048,5.59E-05
1048.25,4.59E-05
1048.5,3.78E-05
1048.75,3.18E-05
1049,2.73E-05
1049.25,2.37E-05
1049.5,2.07E-05
1049.75,1.88E-05
1050,1.78E-05
1050.25,1.70E-05
1050.5,1.63E-05
1050.75,1.63E-05
1051,1.67E-05
1051.25,1.66E-05
1051.5,1.41E-05
1051.75,7.89E-06
1052,2.77E-06
1052.25,3.67E-06
1052.5,6.59E-06
1052.75,6.57E-06
1053,4.81E-06
1053.25,3.46E-06
1053.5,3.20E-06
1053.75,3.84E-06
1054,3.95E-06
1054.25,3.10E-06
1054.5,3.32E-06
1054.75,5.15E-06
1055,6.10E-06
1055.25,5.16E-06
1055.5,3.75E-06
1055.75,2.59E-06
1056,1.44E-06
1056.25,3.50E-07
1056.5,-2.44E-07
1056.75,-9.19E-08
1057,9.05E-07
1057.25,2.76E-06
1057.5,5.36E-06
1057.75,8.03E-06
1058,9.90E-06
1058.25,1.08E-05
1058.5,1.10E-05
1058.75,1.08E-05
1059,1.06E-05
1059.25,1.04E-05
1059.5,1.01E-05
1059.75,9.58E-06
1060,8.54E-06
1060.25,6.69E-06
1060.5,4.14E-06
1060.75,2.04E-06
1061,1.04E-06
1061.25,4.48E-07
1061.5,2.42E-08
1061.75,4.87E-07
1062,1.94E-06
1062.25,3.55E-06
1062.5,4.91E-06
1062.75,6.21E-06
1063,7.23E-06
1063.25,7.31E-06
1063.5,5.96E-06
1063.75,3.01E-06
1064,4.71E-07
1064.25,1.33E-06
1064.5,4.42E-06
1064.75,6.77E-06
1065,8.15E-06
1065.25,9.47E-06
1065.5,1.08E-05
1065.75,1.20E-05
1066,1.31E-05
1066.25,1.38E-05
1066.5,1.34E-05
1066.75,1.17E-05
1067,8.93E-06
1067.25,5.96E-06
1067.5,3.91E-06
1067.75,3.45E-06
1068,4.20E-06
1068.25,5.81E-06
1068.5,8.29E-06
1068.75,1.16E-05
1069,1.56E-05
1069.25,1.98E-05
1069.5,2.36E-05
1069.75,2.64E-05
1070,2.80E-05
1070.25,2.86E-05
1070.5,2.86E-05
1070.75,2.81E-05
1071,2.67E-05
1071.25,2.48E-05
1071.5,2.28E-05
1071.75,2.16E-05
1072,2.19E-05
1072.25,2.34E-05
1072.5,2.54E-05
1072.75,2.70E-05
1073,2.74E-05
1073.25,2.69E-05
1073.5,2.60E-05
1073.75,2.53E-05
1074,2.54E-05
1074.25,2.64E-05
1074.5,2.84E-05
1074.75,3.11E-05
1075,3.43E-05
1075.25,3.83E-05
1075.5,4.28E-05
1075.75,4.77E-05
1076,5.30E-05
1076.25,5.94E-05
1076.5,6.69E-05
1076.75,7.47E-05
1077,8.16E-05
1077.25,8.61E-05
1077.5,8.85E-05
1077.75,9.01E-05
1078,9.25E-05
1078.25,9.72E-05
1078.5,0.00010463
1078.75,0.000114534
1079,0.000125877
1079.25,0.000137545
1079.5,0.000149559
1079.75,0.00016204
1080,0.000174256
1080.25,0.000186008
1080.5,0.000199279
1080.75,0.000214955
1081,0.000230227
1081.25,0.000242394
1081.5,0.000250079
1081.75,0.000253039
1082,0.000252616
1082.25,0.000249658
1082.5,0.000244148
1082.75,0.000236195
1083,0.000226143
1083.25,0.000214995
1083.5,0.000204288
1083.75,0.000194427
1084,0.000184968
1084.25,0.000175959
1084.5,0.000167879
1084.75,0.000162077
1085,0.000159937
1085.25,0.000159817
1085.5,0.00015899
1085.75,0.000155984
1086,0.000150192
1086.25,0.000142929
1086.5,0.000136007
1086.75,0.000131048
1087,0.000129021
1087.25,0.000129075
1087.5,0.000129781
1087.75,0.000129133
1088,0.000125536
1088.25,0.000118409
1088.5,0.000108668
1088.75,9.95E-05
1089,9.30E-05
1089.25,8.98E-05
1089.5,8.90E-05
1089.75,8.79E-05
1090,8.51E-05
1090.25,8.02E-05
1090.5,7.38E-05
1090.75,6.77E-05
1091,6.31E-05
1091.25,6.05E-05
1091.5,5.96E-05
1091.75,5.95E-05
1092,5.91E-05
1092.25,5.74E-05
1092.5,5.44E-05
1092.75,5.03E-05
1093,4.63E-05
1093.25,4.31E-05
1093.5,4.06E-05
1093.75,3.88E-05
1094,3.74E-05
1094.25,3.68E-05
1094.5,3.70E-05
1094.75,3.81E-05
1095,3.92E-05
1095.25,3.97E-05
1095.5,3.93E-05
1095.75,3.82E-05
1096,3.70E-05
1096.25,3.63E-05
1096.5,3.68E-05
1096.75,3.85E-05
1097,4.11E-05
1097.25,4.35E-05
1097.5,4.44E-05
1097.75,4.34E-05
1098,4.08E-05
1098.25,3.81E-05
1098.5,3.68E-05
1098.75,3.74E-05
1099,3.93E-05
1099.25,4.12E-05
1099.5,4.18E-05
1099.75,4.07E-05
1100,3.81E-05
1100.25,3.48E-05
1100.5,3.21E-05
1100.75,3.05E-05
1101,3.04E-05
1101.25,3.12E-05
1101.5,3.18E-05
1101.75,3.04E-05
1102,2.62E-05
1102.25,2.05E-05
1102.5,1.50E-05
1102.75,1.24E-05
1103,1.34E-05
1103.25,1.68E-05
1103.5,2.10E-05
1103.75,2.44E-05
1104,2.66E-05
1104.25,2.76E-05
1104.5,2.79E-05
1104.75,2.82E-05
1105,2.86E-05
1105.25,2.94E-05
1105.5,3.03E-05
1105.75,3.11E-05
1106,3.10E-05
1106.25,2.95E-05
1106.5,2.73E-05
1106.75,2.53E-05
1107,2.42E-05
1107.25,2.42E-05
1107.5,2.49E-05
1107.75,2.61E-05
1108,2.79E-05
1108.25,3.05E-05
1108.5,3.34E-05
1108.75,3.64E-05
1109,3.89E-05
1109.25,4.06E-05
1109.5,4.15E-05
1109.75,4.17E-05
1110,4.16E-05
1110.25,4.11E-05
1110.5,4.00E-05
1110.75,3.85E-05
1111,3.72E-05
1111.25,3.58E-05
1111.5,3.41E-05
1111.75,3.21E-05
1112,3.05E-05
1112.25,3.02E-05
1112.5,3.22E-05
1112.75,3.59E-05
1113,3.95E-05
1113.25,4.16E-05
1113.5,4.09E-05
1113.75,3.75E-05
1114,3.24E-05
1114.25,2.75E-05
1114.5,2.44E-05
1114.75,2.40E-05
1115,2.57E-05
1115.25,2.75E-05
1115.5,2.73E-05
1115.75,2.39E-05
1116,1.80E-05
1116.25,1.24E-05
1116.5,9.28E-06
1116.75,9.55E-06
1117,1.25E-05
1117.25,1.59E-05
1117.5,1.83E-05
1117.75,1.87E-05
1118,1.74E-05
1118.25,1.50E-05
1118.5,1.21E-05
1118.75,9.44E-06
1119,6.91E-06
1119.25,4.32E-06
1119.5,2.41E-06
1119.75,2.12E-06
1120,3.96E-06
1120.25,7.90E-06
1120.5,1.23E-05
1120.75,1.56E-05
1121,1.81E-05
1121.25,2.00E-05
1121.5,2.09E-05
1121.75,2.05E-05
1122,1.83E-05
1122.25,1.46E-05
1122.5,1.02E-05
1122.75,6.11E-06
1123,3.11E-06
1123.25,1.42E-06
1123.5,4.19E-07
1123.75,-2.00E-08
1124,3.99E-07
1124.25,1.62E-06
1124.5,3.25E-06
1124.75,4.44E-06
1125,4.21E-06
1125.25,3.01E-06
1125.5,1.96E-06
1125.75,1.85E-06
1126,3.03E-06
1126.25,4.30E-06
1126.5,4.39E-06
1126.75,4.00E-06
1127,4.27E-06
1127.25,5.70E-06
1127.5,8.42E-06
1127.75,1.18E-05
1128,1.48E-05
1128.25,1.56E-05
1128.5,1.32E-05
1128.75,9.30E-06
1129,5.66E-06
1129.25,4.43E-06
1129.5,6.24E-06
1129.75,9.79E-06
1130,1.39E-05
1130.25,1.78E-05
1130.5,2.11E-05
1130.75,2.37E-05
1131,2.55E-05
1131.25,2.64E-05
1131.5,2.61E-05
1131.75,2.46E-05
1132,2.24E-05
1132.25,2.03E-05
1132.5,1.83E-05
1132.75,1.60E-05
1133,1.37E-05
1133.25,1.21E-05
1133.5,1.29E-05
1133.75,1.70E-05
1134,2.28E-05
1134.25,2.79E-05
1134.5,3.10E-05
1134.75,3.12E-05
1135,2.97E-05
1135.25,2.75E-05
1135.5,2.59E-05
1135.75,2.55E-05
1136,2.62E-05
1136.25,2.74E-05
1136.5,2.81E-05
1136.75,2.71E-05
1137,2.33E-05
1137.25,1.77E-05
1137.5,1.31E-05
1137.75,1.05E-05
1138,9.61E-06
1138.25,9.83E-06
1138.5,1.06E-05
1138.75,1.24E-05
1139,1.61E-05
1139.25,2.07E-05
1139.5,2.47E-05
1139.75,2.69E-05
1140,2.64E-05
1140.25,2.39E-05
1140.5,2.04E-05
1140.75,1.73E-05
1141,1.57E-05
1141.25,1.56E-05
1141.5,1.65E-05
1141.75,1.75E-05
1142,1.78E-05
1142.25,1.76E-05
1142.5,1.70E-05
1142.75,1.64E-05
1143,1.59E-05
1143.25,1.57E-05
1143.5,1.55E-05
1143.75,1.51E-05
1144,1.39E-05
1144.25,1.19E-05
1144.5,9.33E-06
1144.75,7.42E-06
1145,7.36E-06
1145.25,1.03E-05
1145.5,1.60E-05
1145.75,2.30E-05
1146,2.90E-05
1146.25,3.15E-05
1146.5,3.07E-05
1146.75,2.81E-05
1147,2.57E-05
1147.25,2.54E-05
1147.5,2.69E-05
1147.75,2.95E-05
1148,3.22E-05
1148.25,3.42E-05
1148.5,3.56E-05
1148.75,3.65E-05
1149,3.75E-05
1149.25,3.92E-05
1149.5,4.19E-05
1149.75,4.54E-05
1150,4.94E-05
1150.25,5.30E-05
1150.5,5.52E-05
1150.75,5.61E-05
1151,5.68E-05
1151.25,5.88E-05
1151.5,6.35E-05
1151.75,7.04E-05
1152,7.78E-05
1152.25,8.50E-05
1152.5,9.18E-05
1152.75,9.79E-05
1153,0.000103014
1153.25,0.000106121
1153.5,0.000106182
1153.75,0.000102906
1154,9.67E-05
1154.25,8.96E-05
1154.5,8.39E-05
1154.75,8.18E-05
1155,8.36E-05
1155.25,8.59E-05
1155.5,8.56E-05
1155.75,8.13E-05
1156,7.34E-05
1156.25,6.46E-05
1156.5,5.66E-05
1156.75,4.95E-05
1157,4.34E-05
1157.25,3.79E-05
1157.5,3.27E-05
1157.75,2.75E-05
1158,2.23E-05
1158.25,1.73E-05
1158.5,1.31E-05
1158.75,1.02E-05
1159,9.22E-06
1159.25,1.02E-05
1159.5,1.19E-05
1159.75,1.24E-05
1160,1.13E-05
1160.25,8.57E-06
1160.5,5.84E-06
1160.75,4.66E-06
1161,5.35E-06
1161.25,7.76E-06
1161.5,1.10E-05
1161.75,1.43E-05
1162,1.77E-05
1162.25,2.09E-05
1162.5,2.35E-05
1162.75,2.50E-05
1163,2.43E-05
1163.25,2.12E-05
1163.5,1.65E-05
1163.75,1.15E-05
1164,7.66E-06
1164.25,5.65E-06
1164.5,4.85E-06
1164.75,4.79E-06
1165,5.15E-06
1165.25,5.81E-06
1165.5,6.76E-06
1165.75,7.75E-06
1166,8.45E-06
1166.25,8.75E-06
1166.5,8.69E-06
1166.75,8.51E-06
1167,8.49E-06
1167.25,8.76E-06
1167.5,9.37E-06
1167.75,1.04E-05
1168,1.10E-05
1168.25,8.40E-06
1168.5,2.38E-06
1168.75,3.07E-07
1169,5.15E-06
1169.25,9.73E-06
1169.5,1.00E-05
1169.75,8.53E-06
1170,7.59E-06
1170.25,8.34E-06
1170.5,1.09E-05
1170.75,1.45E-05
1171,1.78E-05
1171.25,1.88E-05
1171.5,1.64E-05
1171.75,9.84E-06
1172,3.02E-06
1172.25,1.63E-06
1172.5,3.56E-06
1172.75,3.73E-06
1173,3.48E-06
1173.25,5.92E-06
1173.5,9.35E-06
1173.75,1.12E-05
1174,1.21E-05
1174.25,1.31E-05
1174.5,1.45E-05
1174.75,1.61E-05
1175,1.77E-05
1175.25,1.90E-05
1175.5,2.00E-05
1175.75,2.04E-05
1176,2.05E-05
1176.25,2.03E-05
1176.5,2.01E-05
1176.75,1.99E-05
1177,1.96E-05
1177.25,1.93E-05
1177.5,1.93E-05
1177.75,1.96E-05
1178,2.05E-05
1178.25,2.14E-05
1178.5,2.18E-05
1178.75,2.13E-05
1179,2.00E-05
1179.25,1.82E-05
1179.5,1.65E-05
1179.75,1.50E-05
1180,1.37E-05
1180.25,1.26E-05
1180.5,1.14E-05
1180.75,8.91E-06
1181,4.72E-06
1181.25,1.72E-06
1181.5,2.00E-06
1181.75,3.30E-06
1182,4.50E-06
1182.25,8.85E-06
1182.5,1.66E-05
1182.75,2.15E-05
1183,1.96E-05
1183.25,1.27E-05
1183.5,4.71E-06
1183.75,1.76E-06
1184,4.37E-06
1184.25,6.96E-06
1184.5,7.73E-06
1184.75,8.45E-06
1185,9.92E-06
1185.25,1.22E-05
1185.5,1.48E-05
1185.75,1.69E-05
1186,1.75E-05
1186.25,1.57E-05
1186.5,1.25E-05
1186.75,9.71E-06
1187,7.28E-06
1187.25,4.99E-06
1187.5,2.99E-06
1187.75,1.63E-06
1188,1.57E-06
1188.25,3.15E-06
1188.5,5.73E-06
1188.75,8.55E-06
1189,1.11E-05
1189.25,1.31E-05
1189.5,1.45E-05
1189.75,1.55E-05
1190,1.60E-05
1190.25,1.59E-05
1190.5,1.50E-05
1190.75,1.35E-05
1191,1.18E-05
1191.25,9.98E-06
1191.5,7.90E-06
1191.75,5.57E-06
1192,3.28E-06
1192.25,1.52E-06
1192.5,8.61E-07
1192.75,1.18E-06
1193,1.97E-06
1193.25,2.74E-06
1193.5,3.05E-06
1193.75,3.11E-06
1194,3.34E-06
1194.25,4.26E-06
1194.5,6.26E-06
1194.75,9.14E-06
1195,1.21E-05
1195.25,1.33E-05
1195.5,1.15E-05
1195.75,7.36E-06
1196,2.61E-06
1196.25,2.68E-07
1196.5,1.07E-06
1196.75,2.11E-06
1197,2.30E-06
1197.25,3.19E-06
1197.5,4.93E-06
1197.75,6.01E-06
1198,6.19E-06
1198.25,6.33E-06
1198.5,6.85E-06
1198.75,7.78E-06
1199,8.94E-06
1199.25,1.00E-05
1199.5,1.08E-05
1199.75,1.13E-05
1200,1.15E-05
1200.25,1.15E-05
1200.5,1.11E-05
1200.75,9.99E-06
1201,8.59E-06
1201.25,7.28E-06
1201.5,6.19E-06
1201.75,5.38E-06
1202,4.84E-06
1202.25,4.60E-06
1202.5,4.84E-06
1202.75,5.71E-06
1203,7.18E-06
1203.25,8.99E-06
1203.5,1.05E-05
1203.75,1.12E-05
1204,1.07E-05
1204.25,9.51E-06
1204.5,8.62E-06
1204.75,8.56E-06
1205,9.35E-06
1205.25,1.06E-05
1205.5,1.18E-05
1205.75,1.25E-05
1206,1.28E-05
1206.25,1.28E-05
1206.5,1.28E-05
1206.75,1.31E-05
1207,1.38E-05
1207.25,1.47E-05
1207.5,1.55E-05
1207.75,1.56E-05
1208,1.49E-05
1208.25,1.37E-05
1208.5,1.21E-05
1208.75,9.11E-06
1209,4.86E-06
1209.25,2.60E-06
1209.5,3.79E-06
1209.75,5.87E-06
1210,6.85E-06
1210.25,6.34E-06
1210.5,4.98E-06
1210.75,4.52E-06
1211,5.89E-06
1211.25,9.04E-06
1211.5,1.35E-05
1211.75,1.86E-05
1212,2.37E-05
1212.25,2.86E-05
1212.5,3.37E-05
1212.75,3.98E-05
1213,4.77E-05
1213.25,5.79E-05
1213.5,7.01E-05
1213.75,8.35E-05
1214,9.78E-05
1214.25,0.000112588
1214.5,0.00012823
1214.75,0.000145354
1215,0.000164387
1215.25,0.000185504
1215.5,0.000208285
1215.75,0.000232682
1216,0.000259716
1216.25,0.000290081
1216.5,0.000323579
1216.75,0.000358398
1217,0.000390474
1217.25,0.000417776
1217.5,0.000441059
1217.75,0.000461022
1218,0.000478047
1218.25,0.000491264
1218.5,0.00049899
1218.75,0.000503024
1219,0.000507357
1219.25,0.000512702
1219.5,0.000518053
1219.75,0.000524363
1220,0.000533479
1220.25,0.000546728
1220.5,0.000564791
1220.75,0.000586076
1221,0.00060847
1221.25,0.000630766
1221.5,0.000652093
1221.75,0.000671915
1222,0.000688845
1222.25,0.000698982
1222.5,0.000699736
1222.75,0.000692399
1223,0.00067965
1223.25,0.000665703
1223.5,0.000652718
1223.75,0.000639443
1224,0.000623259
1224.25,0.000600286
1224.5,0.000568924
1224.75,0.000530109
1225,0.000486015
1225.25,0.000439637
1225.5,0.000392018
1225.75,0.000342994
1226,0.000294593
1226.25,0.000250067
1226.5,0.000211994
1226.75,0.00018203
1227,0.000158033
1227.25,0.000137151
1227.5,0.000120594
1227.75,0.000109948
1228,0.000102879
1228.25,9.66E-05
1228.5,9.00E-05
1228.75,8.30E-05
1229,7.58E-05
1229.25,6.90E-05
1229.5,6.28E-05
1229.75,5.71E-05
1230,5.21E-05
1230.25,4.81E-05
1230.5,4.56E-05
1230.75,4.53E-05
1231,4.81E-05
1231.25,5.23E-05
1231.5,5.45E-05
1231.75,5.30E-05
1232,4.82E-05
1232.25,4.15E-05
1232.5,3.47E-05
1232.75,2.80E-05
1233,2.10E-05
1233.25,1.44E-05
1233.5,9.47E-06
1233.75,6.68E-06
1234,6.18E-06
1234.25,7.10E-06
1234.5,8.11E-06
1234.75,7.07E-06
1235,3.22E-06
1235.25,9.97E-07
1235.5,3.50E-06
1235.75,7.25E-06
1236,9.25E-06
1236.25,1.02E-05
1236.5,1.07E-05
1236.75,1.10E-05
1237,1.12E-05
1237.25,1.12E-05
1237.5,1.14E-05
1237.75,1.19E-05
1238,1.28E-05
1238.25,1.41E-05
1238.5,1.54E-05
1238.75,1.67E-05
1239,1.81E-05
1239.25,1.93E-05
1239.5,2.04E-05
1239.75,2.07E-05
1240,1.89E-05
1240.25,1.32E-05
1240.5,6.15E-06
1240.75,1.12E-06
1241,8.74E-08
1241.25,3.58E-06
1241.5,8.61E-06
1241.75,1.19E-05
1242,1.24E-05
1242.25,1.02E-05
1242.5,6.40E-06
1242.75,2.73E-06
1243,7.86E-07
1243.25,9.17E-07
1243.5,1.19E-06
1243.75,7.28E-07
1244,6.32E-07
1244.25,1.61E-06
1244.5,3.69E-06
1244.75,5.84E-06
1245,6.12E-06
1245.25,4.57E-06
1245.5,2.95E-06
1245.75,2.49E-06
1246,3.89E-06
1246.25,6.11E-06
1246.5,7.38E-06
1246.75,7.75E-06
1247,8.04E-06
1247.25,8.41E-06
1247.5,8.73E-06
1247.75,8.88E-06
1248,8.75E-06
1248.25,8.21E-06
1248.5,7.21E-06
1248.75,6.12E-06
1249,5.55E-06
1249.25,6.67E-06
1249.5,9.86E-06
1249.75,1.37E-05
1250,1.67E-05
1250.25,1.79E-05
1250.5,1.74E-05
1250.75,1.62E-05
1251,1.53E-05
1251.25,1.49E-05
1251.5,1.50E-05
1251.75,1.57E-05
1252,1.67E-05
1252.25,1.82E-05
1252.5,1.99E-05
1252.75,2.16E-05
1253,2.33E-05
1253.25,2.47E-05
1253.5,2.58E-05
1253.75,2.66E-05
1254,2.70E-05
1254.25,2.71E-05
1254.5,2.70E-05
1254.75,2.67E-05
1255,2.63E-05
1255.25,2.58E-05
1255.5,2.54E-05
1255.75,2.50E-05
1256,2.41E-05
1256.25,2.24E-05
1256.5,1.97E-05
1256.75,1.61E-05
1257,1.23E-05
1257.25,9.01E-06
1257.5,6.58E-06
1257.75,5.12E-06
1258,4.26E-06
1258.25,4.04E-06
1258.5,4.89E-06
1258.75,6.66E-06
1259,8.70E-06
1259.25,1.02E-05
1259.5,1.06E-05
1259.75,9.97E-06
1260,9.05E-06