160,8.94E-05
160.25,6.93E-05
160.5,3.95E-05
160.75,1.46E-05
161,1.52E-08
161.25,-1.36E-06
161.5,1.04E-05
161.75,3.36E-05
162,6.32E-05
162.25,9.41E-05
162.5,0.000121446
162.75,0.000140974
163,0.000149723
163.25,0.000150458
163.5,0.000152815
163.75,0.000161252
164,0.000174408
164.25,0.000191052
164.5,0.000210296
164.75,0.000231302
165,0.000253303
165.25,0.000276003
165.5,0.000299398
165.75,0.000323656
166,0.000349035
166.25,0.000375913
166.5,0.000404691
166.75,0.000435686
167,0.000468968
167.25,0.000503696
167.5,0.00053911
167.75,0.00057553
168,0.000613287
168.25,0.00065214
168.5,0.000691789
168.75,0.000732032
169,0.000772808
169.25,0.000814294
169.5,0.00085645
169.75,0.000898867
170,0.000941145
170.25,0.000982929
170.5,0.001024103
170.75,0.00106478
171,0.001105005
171.25,0.001144656
171.5,0.001182264
171.75,0.001215615
172,0.001244622
172.25,0.001270716
172.5,0.001297398
172.75,0.001328886
173,0.001367627
173.25,0.001414746
173.5,0.001468173
173.75,0.001525004
174,0.001583134
174.25,0.00164095
174.5,0.00169779
174.75,0.0017537
175,0.001810102
175.25,0.00186811
175.5,0.001927647
175.75,0.001988444
176,0.002050192
176.25,0.002113164
176.5,0.002178504
176.75,0.002246924
177,0.002318512
177.25,0.002393376
177.5,0.002471673
177.75,0.00255338
178,0.002638337
178.25,0.002726654
178.5,0.002818577
178.75,0.002913782
179,0.003011616
179.25,0.003111499
179.5,0.003212425
179.75,0.003310461
180,0.003402703
180.25,0.003497442
180.5,0.003606196
180.75,0.003739023
181,0.003900508
181.25,0.004078243
181.5,0.004259254
181.75,0.004438613
182,0.004613611
182.25,0.004783479
182.5,0.004948666
182.75,0.005111377
183,0.005275113
183.25,0.005444895
183.5,0.00562099
183.75,0.005797908
184,0.00597706
184.25,0.006167254
184.5,0.006376365
184.75,0.006610348
185,0.006864116
185.25,0.007125408
185.5,0.007387763
185.75,0.007648256
186,0.007904513
186.25,0.008154791
186.5,0.008399824
186.75,0.008640327
187,0.00887198
187.25,0.009093064
187.5,0.009319149
187.75,0.00955886
188,0.009783051
188.25,0.009968389
188.5,0.010128223
188.75,0.010272839
189,0.010392349
189.25,0.010476061
189.5,0.010516705
189.75,0.010508958
190,0.010449956
190.25,0.010340179
190.5,0.01018418
190.75,0.009991262
191,0.009774491
191.25,0.00953249
191.5,0.009253014
191.75,0.008943827
192,0.008624758
192.25,0.008292947
192.5,0.007934501
192.75,0.00755377
193,0.007163438
193.25,0.0067734
193.5,0.006391425
193.75,0.006020118
194,0.005660315
194.25,0.005312291
194.5,0.004977548
194.75,0.004662113
195,0.004371
195.25,0.004103993
195.5,0.003858584
195.75,0.003629164
196,0.003411387
196.25,0.003203929
196.5,0.003006438
196.75,0.002819542
197,0.002644123
197.25,0.002481318
197.5,0.002333144
197.75,0.002202326
198,0.002088452
198.25,0.001988276
198.5,0.001896447
198.75,0.001806576
199,0.001715993
199.25,0.001624557
199.5,0.001534998
199.75,0.001451248
200,0.001376332
200.25,0.001312512
200.5,0.001260023
200.75,0.001217624
201,0.001180672
201.25,0.001145104
201.5,0.001111621
201.75,0.001081068
202,0.001052068
202.25,0.001022724
202.5,0.000990819
202.75,0.000954342
203,0.00091179
203.25,0.000864421
203.5,0.000817481
203.75,0.000775922
204,0.000743869
204.25,0.000723845
204.5,0.000716525
204.75,0.000717954
205,0.000720798
205.25,0.000723561
205.5,0.000728595
205.75,0.000735313
206,0.000741429
206.25,0.00074495
206.5,0.000744164
206.75,0.000738184
207,0.000726963
207.25,0.000713052
207.5,0.000699831
207.75,0.00069072
208,0.000688669
208.25,0.000695028
208.5,0.000709371
208.75,0.000727422
209,0.000745859
209.25,0.000764803
209.5,0.000784695
209.75,0.000805749
210,0.000828163
210.25,0.000852153
210.5,0.000877853
210.75,0.000905305
211,0.000934436
211.25,0.000965079
211.5,0.000997216
211.75,0.001030783
212,0.00106343
212.25,0.001091955
212.5,0.001120399
212.75,0.001156465
213,0.001203856
213.25,0.001263656
213.5,0.001332477
213.75,0.001405898
214,0.00148294
214.25,0.001563538
214.5,0.001646965
214.75,0.001732482
215,0.001819827
215.25,0.001908137
215.5,0.001994702
215.75,0.002079791
216,0.002170681
216.25,0.002267297
216.5,0.002355053
216.75,0.002428371
217,0.002496838
217.25,0.002562877
217.5,0.002618855
217.75,0.002659596
218,0.002683051
218.25,0.002688057
218.5,0.002674121
218.75,0.002641408
219,0.002590847
219.25,0.002526629
219.5,0.002453024
219.75,0.002360521
220,0.002237664
220.25,0.002101138
220.5,0.00197395
220.75,0.001856809
221,0.001744583
221.25,0.001636563
221.5,0.001532463
221.75,0.001429741
222,0.001326044
222.25,0.001220717
222.5,0.001114566
222.75,0.001010929
223,0.000913088
223.25,0.000823719
223.5,0.000749561
223.75,0.000702875
224,0.000679637
224.25,0.000656082
224.5,0.000619528
224.75,0.000569812
225,0.000510399
225.25,0.000447244
225.5,0.000385419
225.75,0.000329107
226,0.000280175
226.25,0.000239075
226.5,0.000205368
226.75,0.000178108
227,0.000155764
227.25,0.000137438
227.5,0.00012651
227.75,0.000125383
228,0.000127251
228.25,0.000124613
228.5,0.000115174
228.75,9.88E-05
229,7.81E-05
229.25,5.62E-05
229.5,3.59E-05
229.75,1.96E-05
230,8.35E-06
230.25,2.80E-06
230.5,2.60E-06
230.75,6.19E-06
231,1.07E-05
231.25,1.52E-05
231.5,2.05E-05
231.75,2.65E-05
232,3.22E-05
232.25,3.83E-05
232.5,4.67E-05
232.75,5.69E-05
233,6.70E-05
233.25,7.48E-05
233.5,7.80E-05
233.75,7.52E-05
234,6.59E-05
234.25,5.19E-05
234.5,3.65E-05
234.75,2.42E-05
235,1.88E-05
235.25,2.03E-05
235.5,2.67E-05
235.75,3.17E-05
236,3.07E-05
236.25,2.30E-05
236.5,1.58E-05
236.75,2.78E-05
237,6.10E-05
237.25,9.19E-05
237.5,0.000106959
237.75,0.000107124
238,9.66E-05
238.25,8.20E-05
238.5,7.24E-05
238.75,7.84E-05
239,0.000101994
239.25,0.000139182
239.5,0.000182421
239.75,0.00022278
240,0.000254584
240.25,0.000274424
240.5,0.000283465
240.75,0.000284959
241,0.000283936
241.25,0.00028474
241.5,0.000286812
241.75,0.000289038
242,0.000292419
242.25,0.00029864
242.5,0.000310066
242.75,0.000327899
243,0.000350636
243.25,0.000376206
243.5,0.00040216
243.75,0.000426371
244,0.000447268
244.25,0.000464408
244.5,0.000478673
244.75,0.000491699
245,0.000505727
245.25,0.000521948
245.5,0.000540591
245.75,0.00056091
246,0.00058153
246.25,0.000601212
246.5,0.000618961
246.75,0.00063499
247,0.000650077
247.25,0.000665065
247.5,0.000680737
247.75,0.000697476
248,0.000715475
248.25,0.000734657
248.5,0.000754934
248.75,0.000776407
249,0.00079874
249.25,0.000820379
249.5,0.000841048
249.75,0.000863593
250,0.00089084
250.25,0.000924851
250.5,0.000965962
250.75,0.001012142
251,0.001061281
251.25,0.001111427
251.5,0.001161164
251.75,0.001209634
252,0.001256586
252.25,0.001302321
252.5,0.001348133
252.75,0.001395603
253,0.001442716
253.25,0.001486327
253.5,0.001530004
253.75,0.001579788
254,0.001637957
254.25,0.001704978
254.5,0.00177941
254.75,0.001859394
255,0.0019437
255.25,0.002031453
255.5,0.0021224
255.75,0.002216385
256,0.002313192
256.25,0.00241202
256.5,0.002510894
256.75,0.002610005
257,0.002713459
257.25,0.002820456
257.5,0.00292284
257.75,0.003019443
258,0.003117733
258.25,0.003217913
258.5,0.003312706
258.75,0.003397353
259,0.003469457
259.25,0.003527246
259.5,0.003569401
259.75,0.003595329
260,0.003604789
260.25,0.003597146
260.5,0.003570937
260.75,0.003520768
261,0.003442549
261.25,0.003345656
261.5,0.003239285
261.75,0.003115953
262,0.002969139
262.25,0.002808257
262.5,0.002643813
262.75,0.002481034
263,0.002323439
263.25,0.002172711
263.5,0.002029718
263.75,0.001894319
264,0.001766082
264.25,0.001644322
264.5,0.001529089
264.75,0.001421278
265,0.001320903
265.25,0.001227066
265.5,0.001138877
265.75,0.001055549
266,0.000977052
266.25,0.000903937
266.5,0.000837366
266.75,0.000778712
267,0.000728394
267.25,0.000686189
267.5,0.000650672
267.75,0.000619794
268,0.000590658
268.25,0.000560468
268.5,0.000527827
268.75,0.000492683
269,0.000458135
269.25,0.000426517
269.5,0.000396617
269.75,0.000367481
270,0.000339873
270.25,0.000314696
270.5,0.000292723
270.75,0.000274388
271,0.000259648
271.25,0.000248042
271.5,0.000238646
271.75,0.000230264
272,0.000221525
272.25,0.000212087
272.5,0.000202433
272.75,0.000192808
273,0.000183077
273.25,0.000171154
273.5,0.000154496
273.75,0.000135162
274,0.000117129
274.25,0.00010329
274.5,9.57E-05
274.75,9.45E-05
275,9.87E-05
275.25,0.000105642
275.5,0.000112343
275.75,0.000116074
276,0.000114201
276.25,0.00010423
276.5,8.70E-05
276.75,7.01E-05
277,5.85E-05
277.25,5.07E-05
277.5,4.52E-05
277.75,4.17E-05
278,4.05E-05
278.25,4.28E-05
278.5,4.89E-05
278.75,5.79E-05
279,6.85E-05
279.25,7.84E-05
279.5,8.61E-05
279.75,8.99E-05
280,8.87E-05
280.25,8.22E-05
280.5,7.35E-05
280.75,6.66E-05
281,6.21E-05
281.25,5.92E-05
281.5,5.72E-05
281.75,5.58E-05
282,5.52E-05
282.25,5.56E-05
282.5,5.67E-05
282.75,5.84E-05
283,6.01E-05
283.25,6.14E-05
283.5,6.17E-05
283.75,6.08E-05
284,5.88E-05
284.25,5.62E-05
284.5,5.40E-05
284.75,5.58E-05
285,6.73E-05
285.25,8.66E-05
285.5,0.000104339
285.75,0.000114421
286,0.000114073
286.25,0.000103906
286.5,8.69E-05
286.75,6.71E-05
287,4.93E-05
287.25,3.64E-05
287.5,3.05E-05
287.75,3.12E-05
288,3.72E-05
288.25,4.48E-05
288.5,5.00E-05
288.75,4.97E-05
289,4.31E-05
289.25,3.47E-05
289.5,2.92E-05
289.75,2.84E-05
290,3.27E-05
290.25,4.02E-05
290.5,4.89E-05
290.75,5.63E-05
291,6.09E-05
291.25,6.20E-05
291.5,5.98E-05
291.75,5.49E-05
292,4.78E-05
292.25,3.81E-05
292.5,2.72E-05
292.75,1.75E-05
293,1.46E-05
293.25,2.45E-05
293.5,3.93E-05
293.75,4.52E-05
294,4.23E-05
294.25,3.60E-05
294.5,2.86E-05
294.75,2.09E-05
295,1.26E-05
295.25,4.58E-06
295.5,1.80E-06
295.75,6.86E-06
296,1.11E-05
296.25,8.98E-06
296.5,7.42E-06
296.75,1.18E-05
297,1.99E-05
297.25,2.77E-05
297.5,3.01E-05
297.75,2.52E-05
298,1.65E-05
298.25,7.83E-06
298.5,2.93E-06
298.75,1.92E-06
299,1.64E-06
299.25,1.92E-06
299.5,4.82E-06
299.75,7.98E-06
300,6.91E-06
300.25,4.28E-06
300.5,5.83E-06
300.75,1.11E-05
301,1.70E-05
301.25,2.10E-05
301.5,2.18E-05
301.75,2.03E-05
302,1.80E-05
302.25,1.53E-05
302.5,1.25E-05
302.75,9.56E-06
303,6.57E-06
303.25,3.61E-06
303.5,1.20E-06
303.75,7.61E-07
304,2.48E-06
304.25,4.30E-06
304.5,5.06E-06
304.75,5.19E-06
305,5.73E-06
305.25,8.24E-06
305.5,1.28E-05
305.75,1.78E-05
306,1.87E-05
306.25,1.01E-05
306.5,1.24E-06
306.75,9.24E-06
307,2.91E-05
307.25,4.55E-05
307.5,5.47E-05
307.75,5.76E-05
308,5.43E-05
308.25,4.52E-05
308.5,3.46E-05
308.75,2.73E-05
309,2.43E-05
309.25,2.55E-05
309.5,2.83E-05
309.75,3.08E-05
310,3.23E-05
310.25,3.27E-05
310.5,3.23E-05
310.75,3.15E-05
311,3.03E-05
311.25,2.86E-05
311.5,2.59E-05
311.75,2.21E-05
312,1.87E-05
312.25,1.72E-05
312.5,2.02E-05
312.75,3.40E-05
313,6.65E-05
313.25,0.000109655
313.5,0.000145356
313.75,0.000163456
314,0.00015933
314.25,0.000137334
314.5,0.00010544
314.75,6.96E-05
315,3.59E-05
315.25,1.37E-05
315.5,9.57E-06
315.75,1.56E-05
316,2.20E-05
316.25,2.36E-05
316.5,1.92E-05
316.75,1.41E-05
317,1.38E-05
317.25,2.10E-05
317.5,3.36E-05
317.75,4.25E-05
318,4.37E-05
318.25,4.15E-05
318.5,3.86E-05
318.75,3.56E-05
319,3.29E-05
319.25,3.04E-05
319.5,2.86E-05
319.75,2.82E-05
320,2.99E-05
320.25,3.47E-05
320.5,4.38E-05
320.75,5.83E-05
321,7.40E-05
321.25,8.55E-05
321.5,9.09E-05
321.75,9.02E-05
322,8.55E-05
322.25,7.91E-05
322.5,7.14E-05
322.75,6.22E-05
323,5.18E-05
323.25,4.07E-05
323.5,3.04E-05
323.75,2.24E-05
324,1.83E-05
324.25,1.88E-05
324.5,2.40E-05
324.75,3.23E-05
325,3.98E-05
325.25,4.25E-05
325.5,3.68E-05
325.75,2.45E-05
326,1.23E-05
326.25,4.93E-06
326.5,5.18E-06
326.75,1.29E-05
327,2.60E-05
327.25,4.09E-05
327.5,5.32E-05
327.75,6.03E-05
328,6.06E-05
328.25,5.45E-05
328.5,4.39E-05
328.75,3.33E-05
329,2.69E-05
329.25,2.73E-05
329.5,3.48E-05
329.75,4.45E-05
330,5.18E-05
330.25,5.59E-05
330.5,5.67E-05
330.75,5.53E-05
331,5.28E-05
331.25,5.04E-05
331.5,4.89E-05
331.75,4.85E-05
332,4.92E-05
332.25,5.09E-05
332.5,5.35E-05
332.75,5.68E-05
333,6.12E-05
333.25,6.76E-05
333.5,7.51E-05
333.75,8.18E-05
334,8.68E-05
334.25,9.02E-05
334.5,9.23E-05
334.75,9.37E-05
335,9.49E-05
335.25,9.65E-05
335.5,9.86E-05
335.75,0.000101072
336,0.000103263
336.25,0.00010444
336.5,0.000103924
336.75,0.000100946
337,9.45E-05
337.25,8.50E-05
337.5,7.60E-05
337.75,7.02E-05
338,6.83E-05
338.25,6.98E-05
338.5,7.26E-05
338.75,7.53E-05
339,7.68E-05
339.25,7.70E-05
339.5,7.60E-05
339.75,7.48E-05
340,7.47E-05
340.25,7.67E-05
340.5,8.18E-05
340.75,9.03E-05
341,0.000101722
341.25,0.000113763
341.5,0.00012302
341.75,0.000123834
342,0.000112273
342.25,9.60E-05
342.5,8.46E-05
342.75,8.24E-05
343,9.11E-05
343.25,0.000107778
343.5,0.000128423
343.75,0.000147967
344,0.00016219
344.25,0.000168854
344.5,0.000167428
344.75,0.000159821
345,0.000149196
345.25,0.00014007
345.5,0.000135928
345.75,0.000138787
346,0.000146815
346.25,0.000154889
346.5,0.000161503
346.75,0.000167962
347,0.000174553
347.25,0.000180893
347.5,0.000186955
347.75,0.000192882
348,0.000198681
348.25,0.000204298
348.5,0.00020966
348.75,0.000214686
349,0.000219288
349.25,0.000223359
349.5,0.000226742
349.75,0.000229462
350,0.000232131
350.25,0.000234517
350.5,0.000234103
350.75,0.000229935
351,0.000224855
351.25,0.000221463
351.5,0.00022121
351.75,0.000224774
352,0.00023191
352.25,0.000241985
352.5,0.000254004
352.75,0.000267195
353,0.000281034
353.25,0.000295461
353.5,0.000310667
353.75,0.000325765
354,0.000338971
354.25,0.000346692
354.5,0.00034543
354.75,0.000339037
355,0.000333823
355.25,0.000331996
355.5,0.000334057
355.75,0.000339322
356,0.000346609
356.25,0.000354161
356.5,0.000360274
356.75,0.000363789
357,0.000364209
357.25,0.000362392
357.5,0.000359517
357.75,0.000357034
358,0.000357869
358.25,0.00036717
358.5,0.000384022
358.75,0.000399212
359,0.000407892
359.25,0.000410775
359.5,0.000409101
359.75,0.00040427
360,0.000396826
360.25,0.000386664
360.5,0.000373859
360.75,0.000358702
361,0.000342297
361.25,0.000326196
361.5,0.000312156
361.75,0.000302066
362,0.0002981
362.25,0.00030124
362.5,0.000306598
362.75,0.000309355
363,0.000311047
363.25,0.000313539
363.5,0.000315364
363.75,0.000314723
364,0.000310496
364.25,0.000302202
364.5,0.000290431
364.75,0.000276193
365,0.000260972
365.25,0.000246082
365.5,0.000232522
365.75,0.000220721
366,0.000210503
366.25,0.000201881
366.5,0.000195212
366.75,0.000192916
367,0.000198441
367.25,0.000209066
367.5,0.000218725
367.75,0.000226545
368,0.000234132
368.25,0.000241217
368.5,0.000246678
368.75,0.000249138
369,0.000247159
369.25,0.000239414
369.5,0.000225264
369.75,0.000206457
370,0.000186005
370.25,0.000169039
370.5,0.000161108
370.75,0.000167778
371,0.000188611
371.25,0.000211397
371.5,0.000226411
371.75,0.000230269
372,0.000223971
372.25,0.000213554
372.5,0.000203693
372.75,0.000197089
373,0.00019506
373.25,0.00019766
373.5,0.000203771
373.75,0.000211347
374,0.000217624
374.25,0.000219533
374.5,0.000215201
374.75,0.000204186
375,0.000191665
375.25,0.000185107
375.5,0.000191395
375.75,0.000214415
376,0.000245505
376.25,0.000274051
376.5,0.000295174
376.75,0.000306535
377,0.000309455
377.25,0.000306482
377.5,0.000301496
377.75,0.000297859
378,0.000297519
378.25,0.000301382
378.5,0.000308929
378.75,0.000319197
379,0.000330865
379.25,0.000344238
379.5,0.00036131
379.75,0.000381319
380,0.000400909
380.25,0.000416864
380.5,0.000426476
380.75,0.000430704
381,0.000432713
381.25,0.000434828
381.5,0.000438764
381.75,0.000445124
382,0.00045403
382.25,0.00046552
382.5,0.000479813
382.75,0.00049807
383,0.000521675
383.25,0.000551864
383.5,0.000588071
383.75,0.000624544
384,0.000655988
384.25,0.000680446
384.5,0.000697851
384.75,0.000710869
385,0.000721876
385.25,0.00073226
385.5,0.000742646
385.75,0.000752774
386,0.000762687
386.25,0.000772945
386.5,0.00078648
386.75,0.000808069
387,0.000838125
387.25,0.00087336
387.5,0.000906654
387.75,0.000929126
388,0.000937036
388.25,0.00092994
388.5,0.000911795
388.75,0.00088777
389,0.000859519
389.25,0.000827481
389.5,0.000792075
389.75,0.000754024
390,0.000715169
390.25,0.000677065
390.5,0.000639704
390.75,0.000602927
391,0.000566879
391.25,0.000531547
391.5,0.000496524
391.75,0.000461454
392,0.000426155
392.25,0.000391211
392.5,0.000358165
392.75,0.00032767
393,0.000299355
393.25,0.000273398
393.5,0.000250531
393.75,0.000231658
394,0.000217971
394.25,0.000212648
394.5,0.000219117
394.75,0.0002322
395,0.000242627
395.25,0.000243383
395.5,0.000229751
395.75,0.000204381
396,0.000172822
396.25,0.000142289
396.5,0.000119366
396.75,0.000106731
397,0.000104739
397.25,0.000109546
397.5,0.00011658
397.75,0.000121347
398,0.000120592
398.25,0.000113482
398.5,0.000101605
398.75,8.99E-05
399,8.08E-05
399.25,7.29E-05
399.5,6.55E-05
399.75,5.93E-05
400,5.52E-05
400.25,5.50E-05
400.5,5.90E-05
400.75,6.67E-05
401,7.55E-05
401.25,8.24E-05
401.5,8.48E-05
401.75,8.07E-05
402,6.98E-05
402.25,5.31E-05
402.5,3.54E-05
402.75,2.23E-05
403,1.69E-05
403.25,1.98E-05
403.5,2.63E-05
403.75,3.12E-05
404,3.35E-05
404.25,3.32E-05
404.5,3.11E-05
404.75,2.87E-05
405,2.76E-05
405.25,2.96E-05
405.5,3.50E-05
405.75,4.36E-05
406,5.35E-05
406.25,6.25E-05
406.5,6.83E-05
406.75,6.79E-05
407,5.80E-05
407.25,4.24E-05
407.5,2.93E-05
407.75,2.21E-05
408,2.07E-05
408.25,2.30E-05
408.5,2.61E-05
408.75,2.90E-05
409,3.12E-05
409.25,3.26E-05
409.5,3.29E-05
409.75,3.20E-05
410,2.99E-05
410.25,2.59E-05
410.5,2.00E-05
410.75,1.25E-05
411,5.53E-06
411.25,4.76E-06
411.5,1.13E-05
411.75,1.68E-05
412,1.68E-05
412.25,1.55E-05
412.5,1.52E-05
412.75,1.55E-05
413,1.60E-05
413.25,1.65E-05
413.5,1.68E-05
413.75,1.63E-05
414,1.42E-05
414.25,9.58E-06
414.5,4.82E-06
414.75,3.74E-06
415,5.22E-06
415.25,6.11E-06
415.5,6.43E-06
415.75,7.19E-06
416,7.40E-06
416.25,6.41E-06
416.5,8.09E-06
416.75,1.63E-05
417,3.09E-05
417.25,4.89E-05
417.5,6.22E-05
417.75,6.49E-05
418,5.84E-05
418.25,4.59E-05
418.5,3.11E-05
418.75,1.75E-05
419,7.81E-06
419.25,3.24E-06
419.5,3.33E-06
419.75,6.87E-06
420,1.21E-05
420.25,1.98E-05
420.5,3.28E-05
420.75,4.95E-05
421,6.51E-05
421.25,7.64E-05
421.5,8.09E-05
421.75,7.99E-05
422,7.61E-05
422.25,7.19E-05
422.5,6.93E-05
422.75,6.98E-05
423,7.40E-05
423.25,8.04E-05
423.5,8.67E-05
423.75,9.04E-05
424,8.89E-05
424.25,8.19E-05
424.5,7.04E-05
424.75,5.87E-05
425,5.05E-05
425.25,4.77E-05
425.5,5.03E-05
425.75,5.60E-05
426,6.23E-05
426.25,6.76E-05
426.5,7.07E-05
426.75,7.15E-05
427,7.07E-05
427.25,6.91E-05
427.5,6.68E-05
427.75,6.28E-05
428,5.74E-05
428.25,5.17E-05
428.5,4.69E-05
428.75,4.42E-05
429,4.40E-05
429.25,4.60E-05
429.5,4.98E-05
429.75,5.52E-05
430,6.31E-05
430.25,7.44E-05
430.5,8.86E-05
430.75,0.000104325
431,0.000118528
431.25,0.000128488
431.5,0.000133115
431.75,0.00013271
432,0.000129767
432.25,0.00012571
432.5,0.000119931
432.75,0.000112269
433,0.000103388
433.25,9.44E-05
433.5,8.70E-05
433.75,8.19E-05
434,7.95E-05
434.25,7.97E-05
434.5,8.21E-05
434.75,8.62E-05
435,9.16E-05
435.25,9.93E-05
435.5,0.000110468
435.75,0.000122685
436,0.000132724
436.25,0.000140893
436.5,0.000148371
436.75,0.000155002
437,0.000159854
437.25,0.000160549
437.5,0.000155257
437.75,0.000144591
438,0.000130648
438.25,0.000117936
438.5,0.000110692
438.75,0.000111975
439,0.000123599
439.25,0.000145535
439.5,0.000173532
439.75,0.000198281
440,0.000214877
440.25,0.000223569
440.5,0.000226522
440.75,0.000227038
441,0.00022381
441.25,0.000212624
441.5,0.000194708
441.75,0.000174569
442,0.000156226
442.25,0.000143141
442.5,0.000136886
442.75,0.000137819
443,0.000143937
443.25,0.000152252
443.5,0.000158905
443.75,0.000160275
444,0.000154399
444.25,0.000141547
444.5,0.000127251
444.75,0.00011653
445,0.000111092
445.25,0.000110541
445.5,0.000111402
445.75,0.000110876
446,0.000107764
446.25,0.000101793
446.5,9.37E-05
446.75,8.47E-05
447,7.60E-05
447.25,6.90E-05
447.5,6.44E-05
447.75,6.24E-05
448,6.23E-05
448.25,6.31E-05
448.5,6.33E-05
448.75,6.24E-05
449,6.03E-05
449.25,5.77E-05
449.5,5.58E-05
449.75,5.47E-05
450,5.46E-05
450.25,5.51E-05
450.5,5.60E-05
450.75,5.81E-05
451,6.22E-05
451.25,6.86E-05
451.5,7.67E-05
451.75,8.44E-05
452,8.88E-05
452.25,8.62E-05
452.5,7.33E-05
452.75,4.80E-05
453,1.86E-05
453.25,5.68E-06
453.5,1.01E-05
453.75,1.17E-05
454,9.24E-06
454.25,1.76E-05
454.5,3.49E-05
454.75,4.75E-05
455,5.28E-05
455.25,5.52E-05
455.5,5.61E-05
455.75,5.57E-05
456,5.33E-05
456.25,4.85E-05
456.5,4.23E-05
456.75,3.59E-05
457,2.98E-05
457.25,2.38E-05
457.5,1.79E-05
457.75,1.24E-05
458,8.95E-06
458.25,9.16E-06
458.5,1.47E-05
458.75,2.61E-05
459,4.11E-05
459.25,5.68E-05
459.5,6.94E-05
459.75,7.67E-05
460,7.87E-05
460.25,7.69E-05
460.5,7.43E-05
460.75,7.21E-05
461,6.99E-05
461.25,6.78E-05
461.5,6.57E-05
461.75,6.35E-05
462,6.10E-05
462.25,5.81E-05
462.5,5.49E-05
462.75,5.18E-05
463,4.89E-05
463.25,4.68E-05
463.5,4.56E-05
463.75,4.53E-05
464,4.57E-05
464.25,4.61E-05
464.5,4.52E-05
464.75,4.19E-05
465,3.60E-05
465.25,2.97E-05
465.5,2.45E-05
465.75,1.99E-05
466,1.57E-05
466.25,1.22E-05
466.5,9.46E-06
466.75,7.81E-06
467,7.33E-06
467.25,8.05E-06
467.5,9.84E-06
467.75,1.25E-05
468,1.57E-05
468.25,1.92E-05
468.5,2.32E-05
468.75,2.82E-05
469,3.35E-05
469.25,3.78E-05
469.5,3.96E-05
469.75,3.75E-05
470,3.35E-05
470.25,3.05E-05
470.5,3.07E-05
470.75,3.54E-05
471,4.33E-05
471.25,5.24E-05
471.5,6.00E-05
471.75,6.35E-05
472,6.10E-05
472.25,5.18E-05
472.5,3.80E-05
472.75,2.31E-05
473,1.26E-05
473.25,1.11E-05
473.5,2.16E-05
473.75,4.06E-05
474,5.83E-05
474.25,6.77E-05
474.5,6.46E-05
474.75,5.19E-05
475,3.66E-05
475.25,2.30E-05
475.5,1.36E-05
475.75,8.85E-06
476,8.37E-06
476.25,1.05E-05
476.5,1.31E-05
476.75,1.41E-05
477,1.18E-05
477.25,7.85E-06
477.5,4.24E-06
477.75,1.48E-06
478,1.75E-07
478.25,1.83E-06
478.5,7.04E-06
478.75,1.39E-05
479,2.00E-05
479.25,2.25E-05
479.5,2.03E-05
479.75,1.51E-05
480,9.18E-06
480.25,5.15E-06
480.5,5.30E-06
480.75,1.13E-05
481,2.16E-05
481.25,3.15E-05
481.5,3.78E-05
481.75,3.84E-05
482,3.29E-05
482.25,2.27E-05
482.5,1.23E-05
482.75,6.97E-06
483,8.40E-06
483.25,1.62E-05
483.5,2.67E-05
483.75,3.45E-05
484,3.14E-05
484.25,1.55E-05
484.5,8.43E-06
484.75,2.57E-05
485,5.15E-05
485.25,6.91E-05
485.5,7.13E-05
485.75,5.79E-05
486,3.94E-05
486.25,2.39E-05
486.5,1.44E-05
486.75,1.14E-05
487,1.34E-05
487.25,1.80E-05
487.5,2.21E-05
487.75,2.31E-05
488,1.93E-05
488.25,1.28E-05
488.5,7.91E-06
488.75,4.21E-06
489,-6.28E-07
489.25,-7.72E-07
489.5,1.14E-05
489.75,2.94E-05
490,4.30E-05
490.25,5.19E-05
490.5,5.87E-05
490.75,6.37E-05
491,6.67E-05
491.25,6.66E-05
491.5,6.28E-05
491.75,5.60E-05
492,4.73E-05
492.25,3.85E-05
492.5,3.13E-05
492.75,2.71E-05
493,2.64E-05
493.25,2.87E-05
493.5,3.24E-05
493.75,3.48E-05
494,3.48E-05
494.25,3.22E-05
494.5,2.79E-05
494.75,2.29E-05
495,1.71E-05
495.25,9.72E-06
495.5,5.70E-06
495.75,1.19E-05
496,2.30E-05
496.25,2.95E-05
496.5,3.05E-05
496.75,2.83E-05
497,2.36E-05
497.25,1.68E-05
497.5,1.02E-05
497.75,6.93E-06
498,1.06E-05
498.25,2.20E-05
498.5,3.36E-05
498.75,3.91E-05
499,3.82E-05
499.25,3.26E-05
499.5,2.60E-05
499.75,1.96E-05
500,1.11E-05
500.25,2.51E-06
500.5,1.42E-06
500.75,6.10E-06
501,5.91E-06
501.25,5.81E-06
501.5,2.30E-05
501.75,5.53E-05
502,8.68E-05
502.25,0.000110449
502.5,0.000124472
502.75,0.000129784
503,0.000128721
503.25,0.000124934
503.5,0.000122086
503.75,0.000121278
504,0.000122558
504.25,0.000125006
504.5,0.000127448
504.75,0.000128688
505,0.000127653
505.25,0.000123606
505.5,0.000117002
505.75,0.000110803
506,0.000108504
506.25,0.000113887
506.5,0.000126722
506.75,0.000140772
507,0.00015078
507.25,0.000153442
507.5,0.000148512
507.75,0.000138813
508,0.000128176
508.25,0.000121039
508.5,0.000120204
508.75,0.000127031
509,0.000140104
509.25,0.000156273
509.5,0.000171323
509.75,0.000180554
510,0.00017937
510.25,0.000165437
510.5,0.000147761
510.75,0.000136885
511,0.000134827
511.25,0.000140667
511.5,0.000151015
511.75,0.000162925
512,0.00017602
512.25,0.000190226
512.5,0.000205185
512.75,0.00022054
513,0.000236004
513.25,0.000251488
513.5,0.000267178
513.75,0.000283014
514,0.000298579
514.25,0.000312904
514.5,0.000324495
514.75,0.000332144
515,0.00033509
515.25,0.000335023
515.5,0.000335401
515.75,0.000340212
516,0.000352928
516.25,0.000370619
516.5,0.00038743
516.75,0.000398344
517,0.000399369
517.25,0.000390018
517.5,0.000371767
517.75,0.000349574
518,0.000328797
518.25,0.000313188
518.5,0.000304557
518.75,0.000300393
519,0.000297414
519.25,0.000292223
519.5,0.000282737
519.75,0.000269265
520,0.000252675
520.25,0.000234265
520.5,0.000214305
520.75,0.000191809
521,0.000166808
521.25,0.000140547
521.5,0.000116035
521.75,9.77E-05
522,8.92E-05
522.25,9.31E-05
522.5,0.00010414
522.75,0.000113562
523,0.000118203
523.25,0.000117912
523.5,0.000114008
523.75,0.000108382
524,0.000102969
524.25,9.94E-05
524.5,9.77E-05
524.75,9.75E-05
525,9.70E-05
525.25,9.45E-05
525.5,8.84E-05
525.75,7.76E-05
526,6.24E-05
526.25,4.43E-05
526.5,2.74E-05
526.75,1.53E-05
527,1.07E-05
527.25,1.26E-05
527.5,1.53E-05
527.75,1.54E-05
528,1.23E-05
528.25,7.58E-06
528.5,4.01E-06
528.75,2.77E-06
529,3.60E-06
529.25,4.45E-06
529.5,2.93E-06
529.75,1.48E-06
530,3.91E-06
530.25,8.06E-06
530.5,1.02E-05
530.75,1.03E-05
531,9.32E-06
531.25,8.07E-06
531.5,6.98E-06
531.75,5.79E-06
532,4.30E-06
532.25,2.89E-06
532.5,1.97E-06
532.75,1.84E-06
533,2.56E-06
533.25,3.87E-06
533.5,5.51E-06
533.75,7.39E-06
534,9.56E-06
534.25,1.22E-05
534.5,1.51E-05
534.75,1.78E-05
535,1.98E-05
535.25,2.09E-05
535.5,2.10E-05
535.75,2.03E-05
536,1.90E-05
536.25,1.70E-05
536.5,1.39E-05
536.75,8.99E-06
537,4.47E-06
537.25,2.71E-06
537.5,2.90E-06
537.75,3.37E-06
538,3.19E-06
538.25,2.14E-06
538.5,1.85E-06
538.75,3.13E-06
539,3.54E-06
539.25,2.06E-06
539.5,1.89E-06
539.75,3.97E-06
540,4.43E-06
540.25,2.24E-06
540.5,1.32E-06
540.75,3.03E-06
541,5.25E-06
541.25,6.69E-06
541.5,7.18E-06
541.75,7.03E-06
542,6.95E-06
542.25,7.21E-06
542.5,7.75E-06
542.75,8.54E-06
543,9.49E-06
543.25,1.05E-05
543.5,1.13E-05
543.75,1.10E-05
544,9.05E-06
544.25,6.43E-06
544.5,4.59E-06
544.75,4.37E-06
545,6.16E-06
545.25,9.24E-06
545.5,1.26E-05
545.75,1.53E-05
546,1.64E-05
546.25,1.54E-05
546.5,1.26E-05
546.75,9.04E-06
547,6.26E-06
547.25,6.00E-06
547.5,9.36E-06
547.75,1.65E-05
548,2.55E-05
548.25,3.28E-05
548.5,3.63E-05
548.75,3.53E-05
549,3.11E-05
549.25,2.64E-05
549.5,2.36E-05
549.75,2.50E-05
550,2.99E-05
550.25,3.65E-05
550.5,4.30E-05
550.75,4.73E-05
551,4.80E-05
551.25,4.45E-05
551.5,3.87E-05
551.75,3.33E-05
552,3.05E-05
552.25,3.19E-05
552.5,3.65E-05
552.75,4.25E-05
553,4.66E-05
553.25,4.61E-05
553.5,3.96E-05
553.75,2.82E-05
554,1.57E-05
554.25,6.15E-06
554.5,3.10E-06
554.75,8.95E-06
555,2.46E-05
555.25,4.56E-05
555.5,6.36E-05
555.75,7.33E-05
556,7.27E-05
556.25,6.56E-05
556.5,5.91E-05
556.75,5.62E-05
557,5.77E-05
557.25,6.27E-05
557.5,6.93E-05
557.75,7.53E-05
558,7.89E-05
558.25,7.93E-05
558.5,7.64E-05
558.75,7.20E-05
559,6.78E-05
559.25,6.59E-05
559.5,6.76E-05
559.75,7.36E-05
560,8.29E-05
560.25,9.18E-05
560.5,9.71E-05
560.75,9.60E-05
561,8.96E-05
561.25,8.33E-05
561.5,8.09E-05
561.75,8.43E-05
562,9.30E-05
562.25,0.000104502
562.5,0.000116488
562.75,0.00012676
563,0.00013408
563.25,0.00013796
563.5,0.000139564
563.75,0.000140762
564,0.000143058
564.25,0.000147577
564.5,0.000154253
564.75,0.000162585
565,0.000171785
565.25,0.000181239
565.5,0.000191121
565.75,0.000201571
566,0.000212232
566.25,0.000222724
566.5,0.000232785
566.75,0.000242256
567,0.00025113
567.25,0.000259743
567.5,0.000268875
567.75,0.000278305
568,0.000286655
568.25,0.000294249
568.5,0.000303133
568.75,0.000314875
569,0.000330471
569.25,0.000349525
569.5,0.000370748
569.75,0.000393308
570,0.000416678
570.25,0.00044059
570.5,0.000464847
570.75,0.000488938
571,0.000512171
571.25,0.000533532
571.5,0.000552148
571.75,0.000568096
572,0.000582245
572.25,0.000597246
572.5,0.000615802
572.75,0.000639828
573,0.000669276
573.25,0.000700222
573.5,0.000729808
573.75,0.000757894
574,0.00078482
574.25,0.000811224
574.5,0.000837709
574.75,0.000864806
575,0.000892807
575.25,0.00092176
575.5,0.000951468
575.75,0.000981576
576,0.001012189
576.25,0.001043698
576.5,0.001076205
576.75,0.00110954
577,0.001142723
577.25,0.001174319
577.5,0.00120238
577.75,0.00122583
578,0.001248793
578.25,0.001276432
578.5,0.001311765
578.75,0.00135625
579,0.001408068
579.25,0.001464413
579.5,0.001521628
579.75,0.001577099
580,0.001630717
580.25,0.001683288
580.5,0.001736641
580.75,0.001791448
581,0.001846615
581.25,0.001902062
581.5,0.001959078
581.75,0.002019097
582,0.002083549
582.25,0.002152854
582.5,0.00222662
582.75,0.002304642
583,0.002386942
583.25,0.002474348
583.5,0.002567879
583.75,0.002666632
584,0.002768502
584.25,0.002869463
584.5,0.002964205
584.75,0.003044668
585,0.003106252
585.25,0.003161187
585.5,0.003224089
585.75,0.003304055
586,0.003402852
586.25,0.003506224
586.5,0.003601888
586.75,0.003687043
587,0.00376022
587.25,0.003820178
587.5,0.003865677
587.75,0.003895445
588,0.003908145
588.25,0.003902432
588.5,0.00387827
588.75,0.003836987
589,0.003781107
589.25,0.003713798
589.5,0.003634779
589.75,0.003541927
590,0.003437865
590.25,0.003326801
590.5,0.003204832
590.75,0.0030662
591,0.002916316
591.25,0.002764077
591.5,0.002615077
591.75,0.002472891
592,0.002337119
592.25,0.00220658
592.5,0.002080672
592.75,0.001958912
593,0.001840808
593.25,0.001726232
593.5,0.001615805
593.75,0.001510129
594,0.001409599
594.25,0.001314463
594.5,0.001224801
594.75,0.001140979
595,0.001063718
595.25,0.000993643
595.5,0.000931224
595.75,0.000876187
596,0.000827645
596.25,0.000784432
596.5,0.000745416
596.75,0.000711417
597,0.000683799
597.25,0.000659923
597.5,0.000635902
597.75,0.000611248
598,0.000586703
598.25,0.000562824
598.5,0.000539899
598.75,0.000517376
599,0.000494788
599.25,0.000472566
599.5,0.000451554
599.75,0.000433184
600,0.000418632
600.25,0.000408331
600.5,0.000401769
600.75,0.000396951
601,0.000390976
601.25,0.000379897
601.5,0.000360974
601.75,0.000333235
602,0.000301263
602.25,0.000274669
602.5,0.00025848
602.75,0.000253498
603,0.000256187
603.25,0.000260593
603.5,0.000264601
603.75,0.0002682
604,0.000271106
604.25,0.000272851
604.5,0.000272651
604.75,0.000269554
605,0.000262359
605.25,0.00025058
605.5,0.000236793
605.75,0.000223893
606,0.000213456
606.25,0.00020619
606.5,0.000201255
606.75,0.000197581
607,0.00019413
607.25,0.000190275
607.5,0.000186085
607.75,0.000181649
608,0.000176998
608.25,0.000172165
608.5,0.000167196
608.75,0.00016216
609,0.00015715
609.25,0.000152282
609.5,0.000147739
609.75,0.000144261
610,0.000142771
610.25,0.000142458
610.5,0.000141698
610.75,0.000139931
611,0.000137137
611.25,0.000133614
611.5,0.00012983
611.75,0.000126487
612,0.000124169
612.25,0.000122723
612.5,0.000121691
612.75,0.000120212
613,0.000117327
613.25,0.000112038
613.5,0.000103949
613.75,9.39E-05
614,8.36E-05
614.25,7.55E-05
614.5,7.15E-05
614.75,7.20E-05
615,7.57E-05
615.25,7.93E-05
615.5,8.01E-05
615.75,7.65E-05
616,6.95E-05
616.25,6.19E-05
616.5,5.70E-05
616.75,5.83E-05
617,6.62E-05
617.25,7.89E-05
617.5,9.30E-05
617.75,0.000104138
618,0.000109109
618.25,0.000106097
618.5,9.83E-05
618.75,9.00E-05
619,8.33E-05
619.25,7.92E-05
619.5,7.73E-05
619.75,7.65E-05
620,7.58E-05
620.25,7.44E-05
620.5,7.20E-05
620.75,6.87E-05
621,6.48E-05
621.25,6.04E-05
621.5,5.58E-05
621.75,5.08E-05
622,4.52E-05
622.25,3.94E-05
622.5,3.47E-05
622.75,3.52E-05
623,4.62E-05
623.25,6.39E-05
623.5,7.90E-05
623.75,8.68E-05
624,8.57E-05
624.25,7.80E-05
624.5,6.77E-05
624.75,5.85E-05
625,5.33E-05
625.25,5.28E-05
625.5,5.67E-05
625.75,6.27E-05
626,6.83E-05
626.25,7.07E-05
626.5,6.85E-05
626.75,6.23E-05
627,5.39E-05
627.25,4.66E-05
627.5,4.27E-05
627.75,4.22E-05
628,4.42E-05
628.25,4.68E-05
628.5,4.46E-05
628.75,2.92E-05
629,9.45E-06
629.25,8.84E-06
629.5,2.57E-05
629.75,3.86E-05
630,3.70E-05
630.25,1.94E-05
630.5,2.35E-06
630.75,7.20E-06
631,2.20E-05
631.25,2.41E-05
631.5,1.54E-05
631.75,5.79E-06
632,8.86E-07
632.25,3.15E-06
632.5,8.09E-06
632.75,1.05E-05
633,8.29E-06
633.25,3.14E-06
633.5,5.02E-06
633.75,1.88E-05
634,3.63E-05
634.25,5.07E-05
634.5,5.94E-05
634.75,5.89E-05
635,4.41E-05
635.25,2.11E-05
635.5,7.63E-06
635.75,6.71E-06
636,6.69E-06
636.25,6.24E-06
636.5,1.19E-05
636.75,2.20E-05
637,2.96E-05
637.25,3.42E-05
637.5,3.77E-05
637.75,4.13E-05
638,4.52E-05
638.25,4.98E-05
638.5,5.51E-05
638.75,6.00E-05
639,6.29E-05
639.25,6.12E-05
639.5,5.30E-05
639.75,4.00E-05
640,2.48E-05
640.25,1.17E-05
640.5,3.59E-06
640.75,5.11E-07
641,1.46E-06
641.25,4.21E-06
641.5,6.14E-06
641.75,4.34E-06
642,5.29E-07
642.25,1.42E-06
642.5,7.02E-06
642.75,1.09E-05
643,1.06E-05
643.25,7.07E-06
643.5,4.33E-06
643.75,7.52E-06
644,1.37E-05
644.25,1.64E-05
644.5,1.60E-05
644.75,1.57E-05
645,1.75E-05
645.25,2.23E-05
645.5,2.95E-05
645.75,3.79E-05
646,4.50E-05
646.25,4.83E-05
646.5,4.61E-05
646.75,3.80E-05
647,2.61E-05
647.25,1.38E-05
647.5,5.84E-06
647.75,5.46E-06
648,1.33E-05
648.25,2.67E-05
648.5,3.87E-05
648.75,4.49E-05
649,4.42E-05
649.25,3.83E-05
649.5,3.12E-05
649.75,2.61E-05
650,2.59E-05
650.25,3.04E-05
650.5,3.81E-05
650.75,4.62E-05
651,5.23E-05
651.25,5.48E-05
651.5,5.36E-05
651.75,5.03E-05
652,4.68E-05
652.25,4.44E-05
652.5,4.37E-05
652.75,4.41E-05
653,4.46E-05
653.25,4.37E-05
653.5,4.03E-05
653.75,3.46E-05
654,2.73E-05
654.25,2.02E-05
654.5,1.49E-05
654.75,1.25E-05
655,1.35E-05
655.25,1.72E-05
655.5,2.21E-05
655.75,2.61E-05
656,2.78E-05
656.25,2.64E-05
656.5,2.31E-05
656.75,2.00E-05
657,1.87E-05
657.25,1.99E-05
657.5,2.27E-05
657.75,2.54E-05
658,2.60E-05
658.25,2.31E-05
658.5,1.74E-05
658.75,1.03E-05
659,3.99E-06
659.25,8.04E-07
659.5,2.84E-06
659.75,1.09E-05
660,2.21E-05
660.25,3.31E-05
660.5,4.12E-05
660.75,4.50E-05
661,4.52E-05
661.25,4.28E-05
661.5,3.87E-05
661.75,3.34E-05
662,2.63E-05
662.25,1.80E-05
662.5,1.01E-05
662.75,4.15E-06
663,1.50E-06
663.25,2.41E-06
663.5,6.30E-06
663.75,1.16E-05
664,1.60E-05
664.25,1.70E-05
664.5,1.27E-05
664.75,5.73E-06
665,8.23E-07
665.25,7.94E-07
665.5,6.93E-06
665.75,1.62E-05
666,2.46E-05
666.25,2.96E-05
666.5,2.89E-05
666.75,2.12E-05
667,9.04E-06
667.25,2.86E-06
667.5,7.44E-06
667.75,1.33E-05
668,1.42E-05
668.25,1.17E-05
668.5,7.92E-06
668.75,3.99E-06
669,1.71E-06
669.25,3.28E-06
669.5,7.85E-06
669.75,1.18E-05
670,1.39E-05
670.25,1.46E-05
670.5,1.45E-05
670.75,1.40E-05
671,1.31E-05
671.25,1.21E-05
671.5,1.10E-05
671.75,9.77E-06
672,8.73E-06
672.25,8.12E-06
672.5,7.25E-06
672.75,5.51E-06
673,3.84E-06
673.25,3.69E-06
673.5,6.98E-06
673.75,1.46E-05
674,2.44E-05
674.25,3.42E-05
674.5,4.22E-05
674.75,4.75E-05
675,5.00E-05
675.25,5.04E-05
675.5,4.94E-05
675.75,4.76E-05
676,4.54E-05
676.25,4.28E-05
676.5,4.01E-05
676.75,3.80E-05
677,3.75E-05
677.25,3.96E-05
677.5,4.50E-05
677.75,5.18E-05
678,5.74E-05
678.25,6.28E-05
678.5,6.99E-05
678.75,7.73E-05
679,8.20E-05
679.25,8.07E-05
679.5,7.11E-05
679.75,5.33E-05
680,3.06E-05
680.25,1.35E-05
680.5,8.74E-06
680.75,1.02E-05
681,1.18E-05
681.25,1.08E-05
681.5,7.27E-06
681.75,4.05E-06
682,3.55E-06
682.25,6.75E-06
682.5,1.28E-05
682.75,1.89E-05
683,2.41E-05
683.25,2.90E-05
683.5,3.35E-05
683.75,3.69E-05
684,3.89E-05
684.25,3.90E-05
684.5,3.74E-05
684.75,3.44E-05
685,3.08E-05
685.25,2.77E-05
685.5,2.49E-05
685.75,2.19E-05
686,1.90E-05
686.25,1.71E-05
686.5,1.71E-05
686.75,1.91E-05
687,2.17E-05
687.25,2.36E-05
687.5,2.49E-05
687.75,2.59E-05
688,2.71E-05
688.25,2.88E-05
688.5,3.07E-05
688.75,3.29E-05
689,3.60E-05
689.25,3.99E-05
689.5,4.36E-05
689.75,4.51E-05
690,4.20E-05
690.25,3.40E-05
690.5,2.28E-05
690.75,1.15E-05
691,3.69E-06
691.25,3.78E-07
691.5,1.14E-06
691.75,4.85E-06
692,1.03E-05
692.25,1.72E-05
692.5,2.56E-05
692.75,3.51E-05
693,4.48E-05
693.25,5.26E-05
693.5,5.63E-05
693.75,5.33E-05
694,4.34E-05
694.25,3.21E-05
694.5,2.29E-05
694.75,1.41E-05
695,6.77E-06
695.25,7.89E-06
695.5,1.64E-05
695.75,2.03E-05
696,1.58E-05
696.25,9.17E-06
696.5,6.43E-06
696.75,1.22E-05
697,2.42E-05
697.25,3.52E-05
697.5,4.34E-05
697.75,5.03E-05
698,5.55E-05
698.25,5.75E-05
698.5,5.65E-05
698.75,5.31E-05
699,4.82E-05
699.25,4.26E-05
699.5,3.54E-05
699.75,2.63E-05
700,1.77E-05
700.25,1.25E-05
700.5,1.37E-05
700.75,2.26E-05
701,3.74E-05
701.25,5.49E-05
701.5,6.95E-05
701.75,7.66E-05
702,7.25E-05
702.25,5.96E-05
702.5,4.73E-05
702.75,3.97E-05
703,3.40E-05
703.25,2.94E-05
703.5,2.65E-05
703.75,2.75E-05
704,3.51E-05
704.25,4.87E-05
704.5,6.54E-05
704.75,8.15E-05
705,9.32E-05
705.25,9.85E-05
705.5,9.67E-05
705.75,8.98E-05
706,8.11E-05
706.25,7.40E-05
706.5,7.12E-05
706.75,7.27E-05
707,7.69E-05
707.25,8.09E-05
707.5,8.18E-05
707.75,7.91E-05
708,7.35E-05
708.25,6.80E-05
708.5,6.52E-05
708.75,6.70E-05
709,7.36E-05
709.25,8.33E-05
709.5,9.38E-05
709.75,0.000102248
710,0.00010677
710.25,0.000106525
710.5,0.000103785
710.75,0.00010298
711,0.000106811
711.25,0.000116494
711.5,0.000130048
711.75,0.000144137
712,0.000157429
712.25,0.000169527
712.5,0.000180474
712.75,0.00019052
713,0.00020014
713.25,0.000209842
713.5,0.00022002
713.75,0.000230655
714,0.0002406
714.25,0.000248822
714.5,0.000255036
714.75,0.000259115
715,0.000261036
715.25,0.000261622
715.5,0.000263002
715.75,0.00026603
716,0.000269744
716.25,0.000274006
716.5,0.000279753
716.75,0.000288505
717,0.000302106
717.25,0.000319969
717.5,0.000339637
717.75,0.000358251
718,0.000372961
718.25,0.000382899
718.5,0.000388507
718.75,0.000392206
719,0.000396613
719.25,0.000400846
719.5,0.000403476
719.75,0.000405975
720,0.000410257
720.25,0.000416958
720.5,0.000426227
720.75,0.000437636
721,0.00045095
721.25,0.000466631
721.5,0.000484979
721.75,0.000505786
722,0.000528289
722.25,0.000550922
722.5,0.00057202
722.75,0.000589917
723,0.000604188
723.25,0.000615811
723.5,0.000626764
723.75,0.000639736
724,0.000655474
724.25,0.0006733
724.5,0.000693107
724.75,0.000715249
725,0.00074084
725.25,0.000770987
725.5,0.000804125
725.75,0.00083778
726,0.000870646
726.25,0.000901995
726.5,0.000931907
726.75,0.000960434
727,0.000986757
727.25,0.001009878
727.5,0.001028858
727.75,0.001043384
728,0.00105461
728.25,0.001064696
728.5,0.001077289
728.75,0.001093105
729,0.001107942
729.25,0.001117711
729.5,0.001119106
729.75,0.001110701
730,0.00109308
730.25,0.001067264
730.5,0.001034507
730.75,0.000995078
731,0.000948643
731.25,0.000896395
731.5,0.000840763
731.75,0.000786614
732,0.000739542
732.25,0.000701677
732.5,0.000672629
732.75,0.000646163
733,0.000614828
733.25,0.000574567
733.5,0.000524478
733.75,0.000471546
734,0.000423493
734.25,0.000385126
734.5,0.000358955
734.75,0.000343323
735,0.000334856
735.25,0.000328069
735.5,0.00031988
735.75,0.000311386
736,0.000303341
736.25,0.000295569
736.5,0.000287955
736.75,0.000280519
737,0.000273345
737.25,0.000266547
737.5,0.000259887
737.75,0.000252907
738,0.000245559
738.25,0.000238102
738.5,0.000231217
738.75,0.000225732
739,0.000222067
739.25,0.000220405
739.5,0.000220579
739.75,0.000222411
740,0.000226191
740.25,0.000232322
740.5,0.00024114
740.75,0.000252069
741,0.000261963
741.25,0.000268096
741.5,0.000269811
741.75,0.000267831
742,0.00026495
742.25,0.000263323
742.5,0.000263712
742.75,0.000266176
743,0.000270015
743.25,0.00027442
743.5,0.000278552
743.75,0.000282164
744,0.00028552
744.25,0.000288551
744.5,0.000291048
744.75,0.000294135
745,0.000299426
745.25,0.000305708
745.5,0.000310422
745.75,0.000311615
746,0.000308016
746.25,0.000300677
746.5,0.000291395
746.75,0.00028183
747,0.000273319
747.25,0.000266189
747.5,0.000260327
747.75,0.000255001
748,0.000249338
748.25,0.000242407
748.5,0.000233733
748.75,0.00022373
749,0.000213653
749.25,0.000205892
749.5,0.000202077
749.75,0.000202629
750,0.000205705
750.25,0.000207191
750.5,0.000204508
750.75,0.000196708
751,0.000184973
751.25,0.00017197
751.5,0.000159774
751.75,0.000149931
752,0.000142779
752.25,0.000137901
752.5,0.000133846
752.75,0.000128945
753,0.000122623
753.25,0.00011492
753.5,0.000106943
753.75,9.96E-05
754,9.18E-05
754.25,8.28E-05
754.5,7.37E-05
754.75,6.60E-05
755,6.13E-05
755.25,6.05E-05
755.5,6.30E-05
755.75,6.72E-05
756,7.12E-05
756.25,7.36E-05
756.5,7.36E-05
756.75,7.12E-05
757,6.74E-05
757.25,6.30E-05
757.5,5.85E-05
757.75,5.43E-05
758,5.02E-05
758.25,4.61E-05
758.5,4.24E-05
758.75,3.85E-05
759,3.41E-05
759.25,3.04E-05
759.5,2.93E-05
759.75,3.28E-05
760,4.26E-05
760.25,5.68E-05
760.5,7.21E-05
760.75,8.40E-05
761,8.80E-05
761.25,7.95E-05
761.5,5.88E-05
761.75,3.73E-05
762,2.44E-05
762.25,2.37E-05
762.5,3.36E-05
762.75,4.58E-05
763,5.42E-05
763.25,5.69E-05
763.5,5.41E-05
763.75,4.81E-05
764,4.12E-05
764.25,3.57E-05
764.5,3.25E-05
764.75,3.17E-05
765,3.25E-05
765.25,3.39E-05
765.5,3.55E-05
765.75,3.72E-05
766,3.90E-05
766.25,4.05E-05
766.5,4.07E-05
766.75,3.84E-05
767,3.36E-05
767.25,2.71E-05
767.5,2.14E-05
767.75,1.89E-05
768,2.06E-05
768.25,2.64E-05
768.5,3.41E-05
768.75,4.15E-05
769,4.68E-05
769.25,4.93E-05
769.5,4.89E-05
769.75,4.63E-05
770,4.22E-05
770.25,3.52E-05
770.5,2.20E-05
770.75,1.03E-05
771,1.62E-05
771.25,2.85E-05
771.5,2.01E-05
771.75,3.70E-06
772,1.11E-05
772.25,2.88E-05
772.5,2.65E-05
772.75,1.44E-05
773,1.47E-05
773.25,2.60E-05
773.5,3.88E-05
773.75,4.40E-05
774,3.60E-05
774.25,2.12E-05
774.5,8.32E-06
774.75,6.26E-06
775,1.77E-05
775.25,3.18E-05
775.5,4.01E-05
775.75,4.27E-05
776,3.97E-05
776.25,3.01E-05
776.5,1.69E-05
776.75,7.98E-06
777,4.85E-06
777.25,2.09E-06
777.5,-1.60E-08
777.75,3.61E-06
778,1.14E-05
778.25,1.74E-05
778.5,2.00E-05
778.75,2.04E-05
779,1.99E-05
779.25,1.95E-05
779.5,1.96E-05
779.75,2.04E-05
780,2.12E-05
780.25,2.13E-05
780.5,1.99E-05
780.75,1.61E-05
781,1.08E-05
781.25,5.34E-06
781.5,1.80E-06
781.75,1.14E-06
782,1.21E-06
782.25,7.46E-07
782.5,9.53E-07
782.75,2.32E-06
783,3.87E-06
783.25,5.12E-06
783.5,6.38E-06
783.75,7.57E-06
784,8.22E-06
784.25,8.35E-06
784.5,8.45E-06
784.75,8.92E-06
785,1.01E-05
785.25,1.21E-05
785.5,1.49E-05
785.75,1.87E-05
786,2.37E-05
786.25,3.04E-05
786.5,3.94E-05
786.75,5.02E-05
787,6.14E-05
787.25,7.01E-05
787.5,7.32E-05
787.75,6.96E-05
788,6.05E-05
788.25,5.11E-05
788.5,4.65E-05
788.75,4.84E-05
789,5.61E-05
789.25,6.52E-05
789.5,7.16E-05
789.75,7.24E-05
790,6.69E-05
790.25,5.65E-05
790.5,4.41E-05
790.75,3.36E-05
791,2.69E-05
791.25,2.37E-05
791.5,2.26E-05
791.75,2.22E-05
792,2.37E-05
792.25,2.94E-05
792.5,3.78E-05
792.75,4.55E-05
793,5.03E-05
793.25,5.08E-05
793.5,4.80E-05
793.75,4.37E-05
794,3.96E-05
794.25,3.72E-05
794.5,3.70E-05
794.75,3.90E-05
795,4.23E-05
795.25,4.59E-05
795.5,4.96E-05
795.75,5.31E-05
796,5.66E-05
796.25,5.96E-05
796.5,6.14E-05
796.75,6.16E-05
797,6.03E-05
797.25,5.83E-05
797.5,5.74E-05
797.75,5.87E-05
798,6.27E-05
798.25,6.86E-05
798.5,7.43E-05
798.75,7.75E-05
799,7.60E-05
799.25,6.91E-05
799.5,5.75E-05
799.75,4.52E-05
800,3.79E-05
800.25,4.12E-05
800.5,5.78E-05
800.75,7.88E-05
801,9.34E-05
801.25,9.58E-05
801.5,8.47E-05
801.75,6.82E-05
802,5.46E-05
802.25,4.89E-05
802.5,5.31E-05
802.75,6.44E-05
803,7.87E-05
803.25,9.05E-05
803.5,9.57E-05
803.75,9.23E-05
804,8.19E-05
804.25,7.04E-05
804.5,6.08E-05
804.75,5.42E-05
805,5.03E-05
805.25,4.86E-05
805.5,4.93E-05
805.75,5.31E-05
806,5.99E-05
806.25,6.90E-05
806.5,7.88E-05
806.75,8.78E-05
807,9.51E-05
807.25,0.00010063
807.5,0.000105092
807.75,0.000109554
808,0.000115414
808.25,0.000123767
808.5,0.000134661
808.75,0.000147062
809,0.000157906
809.25,0.000165038
809.5,0.00016849
809.75,0.000169007
810,0.000168025
810.25,0.000165773
810.5,0.000160951
810.75,0.000153845
811,0.000146476
811.25,0.000140832
811.5,0.000138713
811.75,0.000140787
812,0.000146748
812.25,0.000154554
812.5,0.000161314
812.75,0.000165483
813,0.000166529
813.25,0.000166229
813.5,0.000166912
813.75,0.00016903
814,0.000172393
814.25,0.000176636
814.5,0.000181474
814.75,0.000187033
815,0.000193431
815.25,0.000200511
815.5,0.000207887
815.75,0.000214762
816,0.000220359
816.25,0.000224056
816.5,0.000226103
816.75,0.000228075
817,0.000232557
817.25,0.000243149
817.5,0.000260573
817.75,0.000282444
818,0.000305184
818.25,0.000324543
818.5,0.00033924
818.75,0.000350146
819,0.000358269
819.25,0.000364587
819.5,0.000369365
819.75,0.000372612
820,0.000374895
820.25,0.000376982
820.5,0.00037954
820.75,0.000383082
821,0.000387609
821.25,0.00039273
821.5,0.00039719
821.75,0.000399615
822,0.000398817
822.25,0.000394721
822.5,0.000389653
822.75,0.000385906
823,0.000385094
823.25,0.000387085
823.5,0.000389262
823.75,0.000390033
824,0.00038933
824.25,0.000386982
824.5,0.000382608
824.75,0.000375761
825,0.000365754
825.25,0.000349288
825.5,0.000322062
825.75,0.000288409
826,0.000257408
826.25,0.000235514
826.5,0.000226685
826.75,0.000227155
827,0.000230661
827.25,0.000233702
827.5,0.000234133
827.75,0.000231755
828,0.00022672
828.25,0.000218685
828.5,0.000207146
828.75,0.000191449
829,0.000171946
829.25,0.000151262
829.5,0.00013167
829.75,0.000114245
830,9.95E-05
830.25,8.71E-05
830.5,7.74E-05
830.75,7.09E-05
831,6.84E-05
831.25,7.04E-05
831.5,7.55E-05
831.75,8.09E-05
832,8.53E-05
832.25,8.89E-05
832.5,9.14E-05
832.75,9.21E-05
833,9.01E-05
833.25,8.49E-05
833.5,7.59E-05
833.75,6.35E-05
834,5.09E-05
834.25,4.16E-05
834.5,3.75E-05
834.75,3.88E-05
835,4.20E-05
835.25,4.44E-05
835.5,4.71E-05
835.75,5.13E-05
836,5.56E-05
836.25,5.86E-05
836.5,5.89E-05
836.75,5.63E-05
837,5.17E-05
837.25,4.63E-05
837.5,4.18E-05
837.75,3.95E-05
838,4.01E-05
838.25,4.28E-05
838.5,4.56E-05
838.75,4.66E-05
839,4.43E-05
839.25,3.92E-05
839.5,3.35E-05
839.75,2.79E-05
840,2.28E-05
840.25,1.82E-05
840.5,1.45E-05
840.75,1.34E-05
841,1.71E-05
841.25,2.63E-05
841.5,4.05E-05
841.75,5.61E-05
842,6.86E-05
842.25,7.25E-05
842.5,6.47E-05
842.75,4.67E-05
843,2.35E-05
843.25,5.55E-06
843.5,-5.34E-07
843.75,5.51E-06
844,1.95E-05
844.25,3.24E-05
844.5,3.92E-05
844.75,3.91E-05
845,3.39E-05
845.25,2.73E-05
845.5,1.93E-05
845.75,8.10E-06
846,6.12E-07
846.25,6.05E-06
846.5,1.35E-05
846.75,7.46E-06
847,3.24E-06
847.25,2.18E-05
847.5,5.13E-05
847.75,7.21E-05
848,7.64E-05
848.25,6.26E-05
848.5,4.14E-05
848.75,2.34E-05
849,1.38E-05
849.25,1.43E-05
849.5,2.11E-05
849.75,2.99E-05
850,3.60E-05
850.25,3.63E-05
850.5,2.96E-05
850.75,1.83E-05
851,9.06E-06
851.25,4.20E-06
851.5,1.91E-06
851.75,1.35E-06
852,2.68E-06
852.25,5.80E-06
852.5,1.04E-05
852.75,1.56E-05
853,2.08E-05
853.25,2.54E-05
853.5,2.96E-05
853.75,3.32E-05
854,3.61E-05
854.25,3.77E-05
854.5,3.70E-05
854.75,3.30E-05
855,2.50E-05
855.25,1.52E-05
855.5,6.89E-06
855.75,4.89E-06
856,1.09E-05
856.25,1.94E-05
856.5,2.36E-05
856.75,1.73E-05
857,5.15E-06
857.25,7.74E-06
857.5,2.94E-05
857.75,5.36E-05
858,6.98E-05
858.25,7.50E-05
858.5,7.03E-05
858.75,5.91E-05
859,4.57E-05
859.25,3.44E-05
859.5,2.59E-05
859.75,1.94E-05
860,1.42E-05
860.25,1.08E-05
860.5,1.16E-05
860.75,1.88E-05
861,2.85E-05
861.25,3.60E-05
861.5,4.17E-05
861.75,4.67E-05
862,5.07E-05
862.25,5.27E-05
862.5,5.06E-05
862.75,4.32E-05
863,3.06E-05
863.25,1.59E-05
863.5,5.53E-06
863.75,2.59E-06
864,4.04E-06
864.25,8.38E-06
864.5,1.63E-05
864.75,2.58E-05
865,3.19E-05
865.25,3.36E-05
865.5,3.34E-05
865.75,3.25E-05
866,3.15E-05
866.25,3.06E-05
866.5,2.98E-05
866.75,2.93E-05
867,2.94E-05
867.25,3.01E-05
867.5,3.14E-05
867.75,3.32E-05
868,3.48E-05
868.25,3.61E-05
868.5,3.67E-05
868.75,3.69E-05
869,3.64E-05
869.25,3.46E-05
869.5,3.04E-05
869.75,2.31E-05
870,1.34E-05
870.25,5.62E-06
870.5,2.84E-06
870.75,6.57E-06
871,1.59E-05
871.25,2.69E-05
871.5,3.65E-05
871.75,4.19E-05
872,4.25E-05
872.25,3.95E-05
872.5,3.49E-05
872.75,3.17E-05
873,3.25E-05
873.25,3.93E-05
873.5,4.90E-05
873.75,5.59E-05
874,5.39E-05
874.25,3.91E-05
874.5,1.97E-05
874.75,6.00E-06
875,1.76E-06
875.25,8.20E-06
875.5,2.29E-05
875.75,4.13E-05
876,5.55E-05
876.25,5.95E-05
876.5,5.32E-05
876.75,3.85E-05
877,2.03E-05
877.25,5.21E-06
877.5,2.54E-06
877.75,1.12E-05
878,1.80E-05
878.25,1.78E-05
878.5,1.48E-05
878.75,1.72E-05
879,3.49E-05
879.25,6.08E-05
879.5,7.75E-05
879.75,8.13E-05
880,7.64E-05
880.25,6.67E-05
880.5,5.59E-05
880.75,4.63E-05
881,3.93E-05
881.25,3.45E-05
881.5,3.12E-05
881.75,2.92E-05
882,2.87E-05
882.25,2.95E-05
882.5,3.13E-05
882.75,3.26E-05
883,3.24E-05
883.25,3.07E-05
883.5,2.80E-05
883.75,2.60E-05
884,2.59E-05
884.25,2.81E-05
884.5,3.27E-05
884.75,3.90E-05
885,4.65E-05
885.25,5.53E-05
885.5,6.55E-05
885.75,7.76E-05
886,8.89E-05
886.25,9.53E-05
886.5,9.18E-05
886.75,7.45E-05
887,5.12E-05
887.25,3.38E-05
887.5,2.73E-05
887.75,3.26E-05
888,4.51E-05
888.25,5.86E-05
888.5,6.91E-05
888.75,7.41E-05
889,7.49E-05
889.25,7.38E-05
889.5,7.41E-05
889.75,7.85E-05
890,8.88E-05
890.25,0.000104128
890.5,0.000119669
890.75,0.000131617
891,0.000138337
891.25,0.00014069
891.5,0.000142222
891.75,0.000144245
892,0.00014577
892.25,0.000146973
892.5,0.000149122
892.75,0.00015405
893,0.000163803
893.25,0.000178955
893.5,0.000198985
893.75,0.000221388
894,0.000243084
894.25,0.000263073
894.5,0.000281164
894.75,0.000297271
895,0.000310731
895.25,0.000318454
895.5,0.00031807
895.75,0.000311413
896,0.000302171
896.25,0.00029664
896.5,0.000299184
896.75,0.000309159
897,0.000323397
897.25,0.000335476
897.5,0.000340288
897.75,0.000335188
898,0.000320518
898.25,0.000299972
898.5,0.00027744
898.75,0.000256663
899,0.000238732
899.25,0.000222671
899.5,0.000208602
899.75,0.000197455
900,0.000190359
900.25,0.000188036
900.5,0.000187329
900.75,0.000183672
901,0.000174771
901.25,0.000159872
901.5,0.000141576
901.75,0.000123277
902,0.000107479
902.25,9.59E-05
902.5,8.82E-05
902.75,8.33E-05
903,7.94E-05
903.25,7.50E-05
903.5,7.09E-05
903.75,6.73E-05
904,6.36E-05
904.25,5.90E-05
904.5,5.35E-05
904.75,4.73E-05
905,4.13E-05
905.25,3.63E-05
905.5,3.26E-05
905.75,3.00E-05
906,2.77E-05
906.25,2.50E-05
906.5,2.16E-05
906.75,1.61E-05
907,7.56E-06
907.25,1.00E-06
907.5,2.62E-06
907.75,8.59E-06
908,1.26E-05
908.25,1.45E-05
908.5,1.52E-05
908.75,1.24E-05
909,6.18E-06
909.25,5.43E-06
909.5,1.53E-05
909.75,2.61E-05
910,3.05E-05
910.25,3.05E-05
910.5,2.90E-05
910.75,2.74E-05
911,2.71E-05
911.25,2.88E-05
911.5,3.22E-05
911.75,3.60E-05
912,3.96E-05
912.25,4.33E-05
912.5,4.69E-05
912.75,5.04E-05
913,5.28E-05
913.25,5.25E-05
913.5,4.94E-05
913.75,4.41E-05
914,3.83E-05
914.25,3.42E-05
914.5,3.25E-05
914.75,3.37E-05
915,3.70E-05
915.25,4.16E-05
915.5,4.69E-05
915.75,5.27E-05
916,5.86E-05
916.25,6.41E-05
916.5,6.74E-05
916.75,6.70E-05
917,6.18E-05
917.25,5.35E-05
917.5,4.82E-05
917.75,5.13E-05
918,6.58E-05
918.25,8.85E-05
918.5,0.000108882
918.75,0.000117673
919,0.000108057
919.25,8.19E-05
919.5,4.84E-05
919.75,1.87E-05
920,4.67E-06
920.25,1.23E-05
920.5,4.21E-05
920.75,8.02E-05
921,0.000108055
921.25,0.000116397
921.5,0.000102827
921.75,8.04E-05
922,6.45E-05
922.25,6.03E-05
922.5,6.84E-05
922.75,8.24E-05
923,9.57E-05
923.25,0.000105428
923.5,0.000110505
923.75,0.000111579
924,0.000109691
924.25,0.000106032
924.5,0.0001
924.75,8.86E-05
925,7.27E-05
925.25,5.81E-05
925.5,5.13E-05
925.75,5.86E-05
926,7.72E-05
926.25,9.76E-05
926.5,0.00011297
926.75,0.000119223
927,0.000117533
927.25,0.000112047
927.5,0.000106931
927.75,0.000105867
928,0.000109671
928.25,0.00011773
928.5,0.000127646
928.75,0.000136823
929,0.00014395
929.25,0.000148492
929.5,0.00015137
929.75,0.000153
930,0.000151805
930.25,0.000146966
930.5,0.000139903
930.75,0.000133375
931,0.000131899
931.25,0.000137725
931.5,0.000149604
931.75,0.000164445
932,0.000177391
932.25,0.000185308
932.5,0.000186969
932.75,0.000183333
933,0.000177027
933.25,0.000170355
933.5,0.000165195
933.75,0.00016174
934,0.00015935
934.25,0.000157983
934.5,0.000157907
934.75,0.000159583
935,0.000162986
935.25,0.000165435
935.5,0.000163912
935.75,0.000157171
936,0.000145534
936.25,0.000132893
936.5,0.00012337
936.75,0.000119905
937,0.00012358
937.25,0.000131989
937.5,0.000141148
937.75,0.000145141
938,0.000139181
938.25,0.000120572
938.5,9.39E-05
938.75,7.20E-05
939,6.27E-05
939.25,6.83E-05
939.5,8.35E-05
939.75,9.74E-05
940,0.000104312
940.25,0.000102154
940.5,9.32E-05
940.75,8.20E-05
941,7.28E-05
941.25,6.91E-05
941.5,7.09E-05
941.75,7.64E-05
942,8.19E-05
942.25,8.27E-05
942.5,7.26E-05
942.75,4.92E-05
943,2.38E-05
943.25,7.76E-06
943.5,6.43E-06
943.75,1.96E-05
944,3.78E-05
944.25,5.29E-05
944.5,6.13E-05
944.75,6.27E-05
945,5.97E-05
945.25,5.53E-05
945.5,5.21E-05
945.75,5.12E-05
946,5.25E-05
946.25,5.52E-05
946.5,5.76E-05
946.75,5.93E-05
947,6.05E-05
947.25,6.11E-05
947.5,6.09E-05
947.75,5.93E-05
948,5.58E-05
948.25,5.09E-05
948.5,4.55E-05
948.75,3.98E-05
949,3.36E-05
949.25,2.74E-05
949.5,2.17E-05
949.75,1.73E-05
950,1.48E-05
950.25,1.43E-05
950.5,1.53E-05
950.75,1.73E-05
951,1.92E-05
951.25,2.04E-05
951.5,2.03E-05
951.75,1.98E-05
952,1.90E-05
952.25,1.82E-05
952.5,1.74E-05
952.75,1.66E-05
953,1.63E-05
953.25,1.76E-05
953.5,2.06E-05
953.75,2.52E-05
954,3.05E-05
954.25,3.52E-05
954.5,3.83E-05
954.75,3.87E-05
955,3.73E-05
955.25,3.50E-05
955.5,3.31E-05
955.75,3.25E-05
956,3.34E-05
956.25,3.54E-05
956.5,3.70E-05
956.75,3.72E-05
957,3.58E-05
957.25,3.36E-05
957.5,3.23E-05
957.75,3.33E-05
958,3.76E-05
958.25,4.46E-05
958.5,5.20E-05
958.75,5.74E-05
959,5.88E-05
959.25,5.54E-05
959.5,4.85E-05
959.75,4.10E-05
960,3.72E-05
960.25,4.08E-05
960.5,5.43E-05
960.75,7.12E-05
961,8.07E-05
961.25,7.80E-05
961.5,6.24E-05
961.75,4.03E-05
962,1.97E-05
962.25,6.62E-06
962.5,3.75E-06
962.75,4.16E-06
963,1.95E-06
963.25,1.27E-06
963.5,6.26E-06
963.75,1.62E-05
964,2.89E-05
964.25,4.04E-05
964.5,4.67E-05
964.75,4.32E-05
965,3.12E-05
965.25,1.91E-05
965.5,1.22E-05
965.75,1.12E-05
966,1.46E-05
966.25,1.86E-05
966.5,2.13E-05
966.75,2.21E-05
967,2.12E-05
967.25,1.93E-05
967.5,1.58E-05
967.75,9.51E-06
968,4.36E-06
968.25,5.14E-06
968.5,1.05E-05
968.75,1.63E-05
969,1.61E-05
969.25,6.73E-06
969.5,2.85E-07
969.75,6.14E-06
970,1.50E-05
970.25,1.83E-05
970.5,1.85E-05
970.75,1.87E-05
971,1.87E-05
971.25,1.87E-05
971.5,1.89E-05
971.75,1.86E-05
972,1.59E-05
972.25,1.11E-05
972.5,7.30E-06
972.75,7.15E-06
973,1.23E-05
973.25,1.81E-05
973.5,1.59E-05
973.75,8.75E-06
974,6.40E-06
974.25,1.01E-05
974.5,1.66E-05
974.75,2.37E-05
975,3.00E-05
975.25,3.87E-05
975.5,5.35E-05
975.75,7.41E-05
976,9.85E-05
976.25,0.000122315
976.5,0.000141456
976.75,0.000153471
977,0.000157506
977.25,0.00015575
977.5,0.000148774
977.75,0.000133004
978,0.00010718
978.25,7.48E-05
978.5,4.23E-05
978.75,1.94E-05
979,1.01E-05
979.25,1.15E-05
979.5,1.87E-05
979.75,2.57E-05
980,2.97E-05
980.25,3.02E-05
980.5,2.79E-05
980.75,2.36E-05
981,1.70E-05
981.25,7.77E-06
981.5,3.22E-06
981.75,1.08E-05
982,1.98E-05
982.25,1.72E-05
982.5,1.09E-05
982.75,1.17E-05
983,1.78E-05
983.25,2.50E-05
983.5,2.83E-05
983.75,2.54E-05
984,2.05E-05
984.25,1.69E-05
984.5,1.52E-05
984.75,1.53E-05
985,1.63E-05
985.25,1.73E-05
985.5,1.76E-05
985.75,1.68E-05
986,1.52E-05
986.25,1.34E-05
986.5,1.22E-05
986.75,1.20E-05
987,1.26E-05
987.25,1.38E-05
987.5,1.53E-05
987.75,1.71E-05
988,1.94E-05
988.25,2.20E-05
988.5,2.46E-05
988.75,2.67E-05
989,2.85E-05
989.25,2.99E-05
989.5,3.13E-05
989.75,3.33E-05
990,3.62E-05
990.25,4.03E-05
990.5,4.51E-05
990.75,4.88E-05
991,4.94E-05
991.25,4.51E-05
991.5,3.63E-05
991.75,2.75E-05
992,2.08E-05
992.25,1.50E-05
992.5,9.60E-06
992.75,5.28E-06
993,3.30E-06
993.25,5.36E-06
993.5,1.11E-05
993.75,1.88E-05
994,2.57E-05
994.25,2.92E-05
994.5,2.80E-05
994.75,2.22E-05
995,1.47E-05
995.25,9.41E-06
995.5,9.69E-06
995.75,1.73E-05
996,2.74E-05
996.25,3.45E-05
996.5,3.67E-05
996.75,3.41E-05
997,2.92E-05
997.25,2.40E-05
997.5,1.88E-05
997.75,1.37E-05
998,9.02E-06
998.25,5.28E-06
998.5,3.59E-06
998.75,4.86E-06
999,9.80E-06
999.25,1.73E-05
999.5,2.41E-05
999.75,2.79E-05
1000,2.70E-05
1000.25,2.27E-05
1000.5,1.82E-05
1000.75,1.36E-05
1001,7.42E-06
1001.25,3.25E-06
1001.5,6.10E-06
1001.75,1.05E-05
1002,9.26E-06
1002.25,1.17E-05
1002.5,2.84E-05
1002.75,4.92E-05
1003,6.13E-05
1003.25,6.27E-05
1003.5,5.53E-05
1003.75,4.41E-05
1004,3.44E-05
1004.25,3.06E-05
1004.5,3.41E-05
1004.75,4.04E-05
1005,4.58E-05
1005.25,4.89E-05
1005.5,4.94E-05
1005.75,4.85E-05
1006,4.53E-05
1006.25,3.70E-05
1006.5,2.48E-05
1006.75,1.38E-05
1007,8.09E-06
1007.25,1.01E-05
1007.5,1.43E-05
1007.75,1.18E-05
1008,9.59E-06
1008.25,2.04E-05
1008.5,3.69E-05
1008.75,4.56E-05
1009,4.73E-05
1009.25,4.71E-05
1009.5,4.80E-05
1009.75,5.16E-05
1010,5.70E-05
1010.25,6.20E-05
1010.5,6.34E-05
1010.75,5.77E-05
1011,4.22E-05
1011.25,2.07E-05
1011.5,9.21E-06
1011.75,1.40E-05
1012,2.24E-05
1012.25,2.81E-05
1012.5,3.45E-05
1012.75,4.05E-05
1013,4.00E-05
1013.25,3.45E-05
1013.5,3.21E-05
1013.75,3.07E-05
1014,2.08E-05
1014.25,8.83E-06
1014.5,9.53E-06
1014.75,2.03E-05
1015,3.06E-05
1015.25,3.59E-05
1015.5,3.53E-05
1015.75,3.07E-05
1016,2.48E-05
1016.25,1.86E-05
1016.5,1.29E-05
1016.75,7.73E-06
1017,3.94E-06
1017.25,4.04E-06
1017.5,9.92E-06
1017.75,2.11E-05
1018,3.52E-05
1018.25,4.66E-05
1018.5,5.20E-05
1018.75,5.23E-05
1019,4.91E-05
1019.25,4.44E-05
1019.5,3.93E-05
1019.75,3.37E-05
1020,2.79E-05
1020.25,2.22E-05
1020.5,1.69E-05
1020.75,1.26E-05
1021,9.42E-06
1021.25,7.24E-06
1021.5,6.06E-06
1021.75,5.81E-06
1022,6.41E-06
1022.25,7.83E-06
1022.5,1.03E-05
1022.75,1.42E-05
1023,2.02E-05
1023.25,2.85E-05
1023.5,3.62E-05
1023.75,4.05E-05
1024,4.01E-05
1024.25,3.49E-05
1024.5,2.78E-05
1024.75,2.16E-05
1025,1.85E-05
1025.25,1.95E-05
1025.5,2.37E-05
1025.75,2.95E-05
1026,3.44E-05
1026.25,3.75E-05
1026.5,3.91E-05
1026.75,4.00E-05
1027,4.08E-05
1027.25,4.19E-05
1027.5,4.31E-05
1027.75,4.41E-05
1028,4.44E-05
1028.25,4.32E-05
1028.5,3.97E-05
1028.75,3.52E-05
1029,3.15E-05
1029.25,3.06E-05
1029.5,3.40E-05
1029.75,4.15E-05
1030,5.11E-05
1030.25,5.89E-05
1030.5,6.08E-05
1030.75,5.46E-05
1031,4.09E-05
1031.25,2.73E-05
1031.5,1.88E-05
1031.75,1.45E-05
1032,1.30E-05
1032.25,1.36E-05
1032.5,1.72E-05
1032.75,2.59E-05
1033,3.91E-05
1033.25,5.32E-05
1033.5,6.45E-05
1033.75,7.00E-05
1034,6.92E-05
1034.25,6.32E-05
1034.5,5.53E-05
1034.75,4.92E-05
1035,4.61E-05
1035.25,4.54E-05
1035.5,4.60E-05
1035.75,4.68E-05
1036,4.99E-05
1036.25,5.69E-05
1036.5,6.49E-05
1036.75,6.99E-05
1037,6.92E-05
1037.25,6.17E-05
1037.5,5.06E-05
1037.75,3.95E-05
1038,3.11E-05
1038.25,2.72E-05
1038.5,2.69E-05
1038.75,2.88E-05
1039,3.08E-05
1039.25,3.04E-05
1039.5,2.49E-05
1039.75,1.57E-05
1040,8.21E-06
1040.25,1.05E-05
1040.5,3.12E-05
1040.75,6.46E-05
1041,9.42E-05
1041.25,0.000107705
1041.5,9.70E-05
1041.75,6.88E-05
1042,3.72E-05
1042.25,1.20E-05
1042.5,5.41E-07
1042.75,2.67E-06
1043,1.52E-05
1043.25,3.18E-05
1043.5,4.77E-05
1043.75,6.66E-05
1044,9.12E-05
1044.25,0.000115094
1044.5,0.000131722
1044.75,0.000136935
1045,0.000130885
1045.25,0.000121248
1045.5,0.000113799
1045.75,0.000109903
1046,0.000109325
1046.25,0.000110245
1046.5,0.000110563
1046.75,0.000108077
1047,0.000102193
1047.25,9.39E-05
1047.5,8.52E-05
1047.75,7.89E-05
1048,7.67E-05
1048.25,7.92E-05
1048.5,8.45E-05
1048.75,8.96E-05
1049,9.44E-05
1049.25,0.000100153
1049.5,0.000106061
1049.75,0.000111016
1050,0.000114596
1050.25,0.000116682
1050.5,0.000117549
1050.75,0.000117622
1051,0.000117499
1051.25,0.000117554
1051.5,0.000117571
1051.75,0.000117127
1052,0.000115559
1052.25,0.000111631
1052.5,0.000103314
1052.75,9.16E-05
1053,8.16E-05
1053.25,7.58E-05
1053.5,7.43E-05
1053.75,7.59E-05
1054,7.97E-05
1054.25,8.82E-05
1054.5,0.0001063
1054.75,0.000131888
1055,0.000158604
1055.25,0.000179881
1055.5,0.00018999
1055.75,0.000189311
1056,0.000181341
1056.25,0.000172632
1056.5,0.000169985
1056.75,0.000176733
1057,0.000193371
1057.25,0.000213717
1057.5,0.000231344
1057.75,0.00024338
1058,0.000249355
1058.25,0.00025293
1058.5,0.000257218
1058.75,0.00026313
1059,0.000270742
1059.25,0.000279201
1059.5,0.000287795
1059.75,0.000296118
1060,0.000304013
1060.25,0.000311579
1060.5,0.000319079
1060.75,0.000326886
1061,0.000334992
1061.25,0.000343147
1061.5,0.000351533
1061.75,0.000361074
1062,0.000376737
1062.25,0.000403964
1062.5,0.000437637
1062.75,0.000468464
1063,0.000488263
1063.25,0.000491799
1063.5,0.000485104
1063.75,0.000477051
1064,0.000475592
1064.25,0.00048588
1064.5,0.000505629
1064.75,0.000530483
1065,0.000554369
1065.25,0.000572906
1065.5,0.000585439
1065.75,0.000592751
1066,0.000597185
1066.25,0.000599156
1066.5,0.000596495
1066.75,0.000589566
1067,0.000581638
1067.25,0.000575499
1067.5,0.000573185
1067.75,0.000574164
1068,0.000576006
1068.25,0.000576233
1068.5,0.000572648
1068.75,0.000565486
1069,0.000556221
1069.25,0.000546393
1069.5,0.000537384
1069.75,0.000529624
1070,0.000523281
1070.25,0.000518808
1070.5,0.000516648
1070.75,0.000516949
1071,0.000519642
1071.25,0.000524232
1071.5,0.0005317
1071.75,0.000546622
1072,0.000570613
1072.25,0.00059865
1072.5,0.000624669
1072.75,0.000642266
1073,0.000649528
1073.25,0.000650452
1073.5,0.000650061
1073.75,0.000653913
1074,0.000664991
1074.25,0.000683814
1074.5,0.000708964
1074.75,0.000738067
1075,0.00077326
1075.25,0.00081854
1075.5,0.000870246
1075.75,0.00092133
1076,0.000968159
1076.25,0.001009232
1076.5,0.00104685
1076.75,0.001083287
1077,0.001115144
1077.25,0.001139313
1077.5,0.001159119
1077.75,0.001180668
1078,0.001213945
1078.25,0.001266648
1078.5,0.001339571
1078.75,0.00142795
1079,0.001518357
1079.25,0.001597688
1079.5,0.001655183
1079.75,0.001692446
1080,0.001726622
1080.25,0.00176794
1080.5,0.001817978
1080.75,0.001876331
1081,0.001941505
1081.25,0.002016111
1081.5,0.002105188
1081.75,0.002206998
1082,0.002315616
1082.25,0.002424931
1082.5,0.002529357
1082.75,0.002627236
1083,0.002719049
1083.25,0.002808104
1083.5,0.002897588
1083.75,0.00298608
1084,0.003072216
1084.25,0.00315924
1084.5,0.003252634
1084.75,0.003361343
1085,0.003488871
1085.25,0.003624759
1085.5,0.003757892
1085.75,0.003879716
1086,0.003987266
1086.25,0.004085906
1086.5,0.004184034
1086.75,0.004292763
1087,0.004416565
1087.25,0.00455231
1087.5,0.004690333
1087.75,0.00481589
1088,0.004920046
1088.25,0.004999085
1088.5,0.005057895
1088.75,0.00510594
1089,0.005147657
1089.25,0.005184467
1089.5,0.005214686
1089.75,0.005235946
1090,0.005248956
1090.25,0.005254891
1090.5,0.005252494
1090.75,0.00523955
1091,0.005212791
1091.25,0.00516988
1091.5,0.005111728
1091.75,0.00504072
1092,0.004961317
1092.25,0.004876333
1092.5,0.004784947
1092.75,0.004687569
1093,0.004587076
1093.25,0.004483355
1093.5,0.00437236
1093.75,0.004254849
1094,0.004136861
1094.25,0.004022519
1094.5,0.003913848
1094.75,0.003810422
1095,0.003710118
1095.25,0.003611248
1095.5,0.003512563
1095.75,0.003414055
1096,0.003316346
1096.25,0.003220187
1096.5,0.003126297
1096.75,0.00303498
1097,0.002946319
1097.25,0.002860046
1097.5,0.002776836
1097.75,0.002700963
1098,0.00263468
1098.25,0.002572396
1098.5,0.002507615
1098.75,0.002434935
1099,0.002353258
1099.25,0.002269226
1099.5,0.002188016
1099.75,0.002111233
1100,0.00203957
1100.25,0.001972987
1100.5,0.001912655
1100.75,0.001861027
1101,0.001819576
1101.25,0.00178848
1101.5,0.001762772
1101.75,0.001733876
1102,0.001694446
1102.25,0.001639375
1102.5,0.001575528
1102.75,0.00151428
1103,0.001457678
1103.25,0.001404167
1103.5,0.001353156
1103.75,0.001304811
1104,0.001261145
1104.25,0.001223687
1104.5,0.00119059
1104.75,0.001159173
1105,0.001126475
1105.25,0.001090412
1105.5,0.001051023
1105.75,0.001009815
1106,0.000970482
1106.25,0.000936582
1106.5,0.000910987
1106.75,0.000892293
1107,0.000873884
1107.25,0.000852823
1107.5,0.00083037
1107.75,0.00080714
1108,0.000782922
1108.25,0.000756342
1108.5,0.000725496
1108.75,0.00069154
1109,0.000657262
1109.25,0.00062356
1109.5,0.00059044
1109.75,0.000558271
1110,0.000527806
1110.25,0.000501066
1110.5,0.000480739
1110.75,0.000470594
1111,0.000471892
1111.25,0.000476348
1111.5,0.00047623
1111.75,0.000471007
1112,0.000461843
1112.25,0.000450926
1112.5,0.000439191
1112.75,0.00042501
1113,0.000408072
1113.25,0.000390509
1113.5,0.000373651
1113.75,0.000357538
1114,0.000342247
1114.25,0.000328
1114.5,0.000315348
1114.75,0.000305156
1115,0.000298681
1115.25,0.000297081
1115.5,0.000297608
1115.75,0.000295453
1116,0.000287987
1116.25,0.000274315
1116.5,0.000257858
1116.75,0.000242762
1117,0.000227825
1117.25,0.000210992
1117.5,0.000194081
1117.75,0.000180128
1118,0.000172817
1118.25,0.000174086
1118.5,0.000180661
1118.75,0.000187894
1119,0.000190082
1119.25,0.000183347
1119.5,0.000167506
1119.75,0.000145916
1120,0.00012666
1120.25,0.000115866
1120.5,0.000116457
1120.75,0.000125068
1121,0.00013222
1121.25,0.000133917
1121.5,0.000131232
1121.75,0.000125728
1122,0.000119048
1122.25,0.000111257
1122.5,0.000101654
1122.75,9.10E-05
1123,8.07E-05
1123.25,7.22E-05
1123.5,6.68E-05
1123.75,6.43E-05
1124,6.41E-05
1124.25,6.44E-05
1124.5,6.35E-05
1124.75,6.05E-05
1125,5.54E-05
1125.25,5.11E-05
1125.5,5.02E-05
1125.75,5.50E-05
1126,6.46E-05
1126.25,7.34E-05
1126.5,7.66E-05
1126.75,7.18E-05
1127,6.00E-05
1127.25,4.65E-05
1127.5,3.58E-05
1127.75,3.10E-05
1128,3.25E-05
1128.25,3.82E-05
1128.5,4.54E-05
1128.75,5.08E-05
1129,5.38E-05
1129.25,5.51E-05
1129.5,5.52E-05
1129.75,5.47E-05
1130,5.33E-05
1130.25,5.07E-05
1130.5,4.78E-05
1130.75,4.53E-05
1131,4.34E-05
1131.25,4.19E-05
1131.5,4.09E-05
1131.75,4.05E-05
1132,4.10E-05
1132.25,4.22E-05
1132.5,4.40E-05
1132.75,4.58E-05
1133,4.74E-05
1133.25,4.89E-05
1133.5,5.01E-05
1133.75,5.05E-05
1134,4.78E-05
1134.25,4.07E-05
1134.5,2.83E-05
1134.75,1.44E-05
1135,5.62E-06
1135.25,2.46E-06
1135.5,7.97E-07
1135.75,3.88E-07
1136,2.97E-06
1136.25,7.89E-06
1136.5,1.35E-05
1136.75,1.87E-05
1137,2.27E-05
1137.25,2.40E-05
1137.5,2.15E-05
1137.75,1.59E-05
1138,8.99E-06
1138.25,3.55E-06
1138.5,1.73E-06
1138.75,3.02E-06
1139,6.17E-06
1139.25,9.38E-06
1139.5,1.16E-05
1139.75,1.31E-05
1140,1.41E-05
1140.25,1.40E-05
1140.5,1.23E-05
1140.75,8.94E-06
1141,4.94E-06
1141.25,2.36E-06
1141.5,2.97E-06
1141.75,8.06E-06
1142,1.67E-05
1142.25,2.65E-05
1142.5,3.48E-05
1142.75,3.92E-05
1143,3.98E-05
1143.25,3.81E-05
1143.5,3.43E-05
1143.75,2.85E-05
1144,2.07E-05
1144.25,1.14E-05
1144.5,4.45E-06
1144.75,2.86E-06
1145,4.04E-06
1145.25,5.17E-06
1145.5,5.93E-06
1145.75,6.53E-06
1146,7.37E-06
1146.25,8.60E-06
1146.5,9.83E-06
1146.75,1.03E-05
1147,8.90E-06
1147.25,5.82E-06
1147.5,3.19E-06
1147.75,1.74E-06
1148,6.99E-07
1148.25,1.69E-07
1148.5,9.22E-07
1148.75,2.51E-06
1149,3.67E-06
1149.25,4.16E-06
1149.5,4.21E-06
1149.75,3.60E-06
1150,2.10E-06
1150.25,8.87E-07
1150.5,1.36E-06
1150.75,3.23E-06
1151,5.83E-06
1151.25,9.25E-06
1151.5,1.35E-05
1151.75,1.79E-05
1152,2.15E-05
1152.25,2.38E-05
1152.5,2.45E-05
1152.75,2.43E-05
1153,2.34E-05
1153.25,2.17E-05
1153.5,1.91E-05
1153.75,1.59E-05
1154,1.26E-05
1154.25,9.65E-06
1154.5,6.84E-06
1154.75,3.55E-06
1155,8.55E-07
1155.25,1.19E-06
1155.5,4.42E-06
1155.75,8.65E-06
1156,1.28E-05
1156.25,1.60E-05
1156.5,1.53E-05
1156.75,8.59E-06
1157,3.91E-06
1157.25,9.67E-06
1157.5,1.54E-05
1157.75,9.77E-06
1158,3.17E-06
1158.25,5.76E-06
1158.5,8.50E-06
1158.75,4.28E-06
1159,2.04E-06
1159.25,7.13E-06
1159.5,1.11E-05
1159.75,9.23E-06
1160,7.26E-06
1160.25,7.99E-06
1160.5,8.59E-06
1160.75,8.76E-06
1161,1.18E-05
1161.25,1.92E-05
1161.5,3.00E-05
1161.75,3.64E-05
1162,2.63E-05
1162.25,8.76E-06
1162.5,6.06E-06
1162.75,1.61E-05
1163,2.41E-05
1163.25,2.75E-05
1163.5,2.89E-05
1163.75,2.56E-05
1164,1.51E-05
1164.25,6.71E-06
1164.5,9.93E-06
1164.75,1.98E-05
1165,2.93E-05
1165.25,3.59E-05
1165.5,3.91E-05
1165.75,4.11E-05
1166,4.38E-05
1166.25,4.75E-05
1166.5,5.17E-05
1166.75,5.48E-05
1167,5.55E-05
1167.25,5.33E-05
1167.5,4.86E-05
1167.75,4.27E-05
1168,3.57E-05
1168.25,2.70E-05
1168.5,1.72E-05
1168.75,8.25E-06
1169,1.95E-06
1169.25,-2.91E-07
1169.5,2.89E-07
1169.75,1.31E-06
1170,3.75E-06
1170.25,9.26E-06
1170.5,1.38E-05
1170.75,1.29E-05
1171,1.03E-05
1171.25,1.14E-05
1171.5,1.70E-05
1171.75,2.58E-05
1172,3.44E-05
1172.25,3.94E-05
1172.5,3.98E-05
1172.75,3.57E-05
1173,2.95E-05
1173.25,2.37E-05
1173.5,1.96E-05
1173.75,1.78E-05
1174,1.76E-05
1174.25,1.90E-05
1174.5,2.28E-05
1174.75,2.95E-05
1175,3.86E-05
1175.25,4.70E-05
1175.5,4.98E-05
1175.75,4.62E-05
1176,3.78E-05
1176.25,2.89E-05
1176.5,2.42E-05
1176.75,2.48E-05
1177,3.00E-05
1177.25,3.73E-05
1177.5,4.43E-05
1177.75,4.97E-05
1178,5.31E-05
1178.25,5.51E-05
1178.5,5.58E-05
1178.75,5.43E-05
1179,5.02E-05
1179.25,4.48E-05
1179.5,4.02E-05
1179.75,4.04E-05
1180,4.67E-05
1180.25,5.63E-05
1180.5,6.54E-05
1180.75,6.97E-05
1181,6.76E-05
1181.25,6.15E-05
1181.5,5.47E-05
1181.75,5.22E-05
1182,5.58E-05
1182.25,6.48E-05
1182.5,7.60E-05
1182.75,8.47E-05
1183,8.77E-05
1183.25,8.29E-05
1183.5,7.33E-05
1183.75,6.33E-05
1184,5.50E-05
1184.25,4.92E-05
1184.5,4.55E-05
1184.75,4.26E-05
1185,3.92E-05
1185.25,3.45E-05
1185.5,2.95E-05
1185.75,2.59E-05
1186,2.63E-05
1186.25,3.19E-05
1186.5,4.14E-05
1186.75,5.24E-05
1187,6.24E-05
1187.25,6.95E-05
1187.5,7.36E-05
1187.75,7.54E-05
1188,7.64E-05
1188.25,7.71E-05
1188.5,7.69E-05
1188.75,7.61E-05
1189,7.51E-05
1189.25,7.41E-05
1189.5,7.25E-05
1189.75,7.04E-05
1190,6.84E-05
1190.25,6.74E-05
1190.5,6.80E-05
1190.75,6.95E-05
1191,7.10E-05
1191.25,7.09E-05
1191.5,6.80E-05
1191.75,6.23E-05
1192,5.51E-05
1192.25,5.20E-05
1192.5,5.57E-05
1192.75,5.87E-05
1193,5.57E-05
1193.25,5.05E-05
1193.5,4.76E-05
1193.75,5.12E-05
1194,5.88E-05
1194.25,5.81E-05
1194.5,5.02E-05
1194.75,5.16E-05
1195,6.51E-05
1195.25,7.92E-05
1195.5,8.67E-05
1195.75,8.53E-05
1196,7.64E-05
1196.25,6.43E-05
1196.5,5.35E-05
1196.75,4.86E-05
1197,4.99E-05
1197.25,5.56E-05
1197.5,6.08E-05
1197.75,6.05E-05
1198,5.37E-05
1198.25,4.19E-05
1198.5,3.18E-05
1198.75,2.94E-05
1199,3.49E-05
1199.25,4.62E-05
1199.5,5.85E-05
1199.75,6.82E-05
1200,7.49E-05
1200.25,7.83E-05
1200.5,7.85E-05
1200.75,7.48E-05
1201,6.67E-05
1201.25,5.45E-05
1201.5,4.08E-05
1201.75,2.91E-05
1202,2.42E-05
1202.25,2.69E-05
1202.5,3.40E-05
1202.75,4.05E-05
1203,4.03E-05
1203.25,3.33E-05
1203.5,2.33E-05
1203.75,1.56E-05
1204,1.58E-05
1204.25,2.37E-05
1204.5,3.71E-05
1204.75,5.26E-05
1205,6.70E-05
1205.25,7.93E-05
1205.5,8.90E-05
1205.75,9.55E-05
1206,9.79E-05
1206.25,9.33E-05
1206.5,8.13E-05
1206.75,6.67E-05
1207,5.35E-05
1207.25,4.27E-05
1207.5,3.44E-05
1207.75,2.80E-05
1208,2.49E-05
1208.25,2.90E-05
1208.5,4.01E-05
1208.75,5.37E-05
1209,6.51E-05
1209.25,6.94E-05
1209.5,6.59E-05
1209.75,5.68E-05
1210,4.57E-05
1210.25,3.70E-05
1210.5,3.23E-05
1210.75,3.17E-05
1211,3.31E-05
1211.25,3.44E-05
1211.5,3.61E-05
1211.75,3.89E-05
1212,4.20E-05
1212.25,4.40E-05
1212.5,4.40E-05
1212.75,4.16E-05
1213,3.85E-05
1213.25,3.59E-05
1213.5,3.37E-05
1213.75,3.17E-05
1214,3.03E-05
1214.25,3.03E-05
1214.5,3.33E-05
1214.75,3.96E-05
1215,4.84E-05
1215.25,5.77E-05
1215.5,6.43E-05
1215.75,6.68E-05
1216,6.50E-05
1216.25,6.05E-05
1216.5,5.56E-05
1216.75,5.02E-05
1217,4.30E-05
1217.25,3.54E-05
1217.5,3.00E-05
1217.75,2.77E-05
1218,2.86E-05
1218.25,3.09E-05
1218.5,3.24E-05
1218.75,3.18E-05
1219,2.86E-05
1219.25,2.44E-05
1219.5,2.20E-05
1219.75,2.52E-05
1220,3.60E-05
1220.25,5.25E-05
1220.5,7.06E-05
1220.75,8.31E-05
1221,8.66E-05
1221.25,8.32E-05
1221.5,7.63E-05
1221.75,7.08E-05
1222,6.86E-05
1222.25,6.87E-05
1222.5,7.03E-05
1222.75,7.31E-05
1223,7.70E-05
1223.25,8.18E-05
1223.5,8.64E-05
1223.75,8.92E-05
1224,8.90E-05
1224.25,8.51E-05
1224.5,7.87E-05
1224.75,7.16E-05
1225,6.57E-05
1225.25,6.21E-05
1225.5,5.99E-05
1225.75,5.78E-05
1226,5.50E-05
1226.25,5.12E-05
1226.5,4.70E-05
1226.75,4.21E-05
1227,3.44E-05
1227.25,2.36E-05
1227.5,1.31E-05
1227.75,5.73E-06
1228,2.72E-06
1228.25,3.51E-06
1228.5,5.79E-06
1228.75,9.55E-06
1229,1.70E-05
1229.25,2.83E-05
1229.5,4.15E-05
1229.75,5.48E-05
1230,6.59E-05
1230.25,7.08E-05
1230.5,6.57E-05
1230.75,5.47E-05
1231,4.49E-05
1231.25,3.96E-05
1231.5,4.04E-05
1231.75,4.47E-05
1232,4.90E-05
1232.25,5.12E-05
1232.5,5.00E-05
1232.75,4.63E-05
1233,4.17E-05
1233.25,3.81E-05
1233.5,3.68E-05
1233.75,3.78E-05
1234,4.03E-05
1234.25,4.15E-05
1234.5,3.96E-05
1234.75,3.40E-05
1235,2.58E-05
1235.25,1.79E-05
1235.5,1.12E-05
1235.75,5.44E-06
1236,1.98E-06
1236.25,3.73E-06
1236.5,9.49E-06
1236.75,1.55E-05
1237,2.00E-05
1237.25,2.19E-05
1237.5,1.89E-05
1237.75,9.77E-06
1238,5.70E-06
1238.25,1.79E-05
1238.5,3.58E-05
1238.75,4.61E-05
1239,5.01E-05
1239.25,5.19E-05
1239.5,5.36E-05
1239.75,5.66E-05
1240,6.06E-05
1240.25,6.45E-05
1240.5,6.57E-05
1240.75,6.26E-05
1241,5.57E-05
1241.25,4.69E-05
1241.5,3.96E-05
1241.75,3.60E-05
1242,3.62E-05
1242.25,3.92E-05
1242.5,4.26E-05
1242.75,4.46E-05
1243,4.40E-05
1243.25,4.13E-05
1243.5,3.81E-05
1243.75,3.58E-05
1244,3.54E-05
1244.25,3.68E-05
1244.5,3.88E-05
1244.75,3.85E-05
1245,3.36E-05
1245.25,2.57E-05
1245.5,1.87E-05
1245.75,1.80E-05
1246,2.77E-05
1246.25,4.52E-05
1246.5,6.54E-05
1246.75,8.12E-05
1247,8.72E-05
1247.25,8.27E-05
1247.5,7.02E-05
1247.75,5.72E-05
1248,4.97E-05
1248.25,5.14E-05
1248.5,6.03E-05
1248.75,6.89E-05
1249,7.12E-05
1249.25,6.42E-05
1249.5,5.09E-05
1249.75,3.97E-05
1250,3.56E-05
1250.25,4.13E-05
1250.5,5.35E-05
1250.75,6.63E-05
1251,7.63E-05
1251.25,8.14E-05
1251.5,8.21E-05
1251.75,7.95E-05
1252,7.47E-05
1252.25,6.78E-05
1252.5,5.75E-05
1252.75,4.45E-05
1253,3.78E-05
1253.25,4.17E-05
1253.5,4.37E-05
1253.75,3.63E-05
1254,2.83E-05
1254.25,2.64E-05
1254.5,3.07E-05
1254.75,3.69E-05
1255,3.65E-05
1255.25,3.25E-05
1255.5,4.19E-05
1255.75,6.55E-05
1256,8.82E-05
1256.25,0.00010017
1256.5,9.64E-05
1256.75,7.95E-05
1257,5.70E-05
1257.25,3.75E-05
1257.5,2.89E-05
1257.75,3.05E-05
1258,3.76E-05
1258.25,4.54E-05
1258.5,4.95E-05
1258.75,5.06E-05
1259,5.11E-05
1259.25,5.49E-05
1259.5,6.53E-05
1259.75,8.03E-05
1260,9.63E-05